Date,Adj Close
01-01-1996,2.669892788
02-01-1996,2.568941593
03-01-1996,2.486586332
04-01-1996,2.533342123
05-01-1996,2.487649202
08-01-1996,2.411138296
09-01-1996,2.40476203
10-01-1996,2.396792889
11-01-1996,2.409544945
12-01-1996,2.433453798
15-01-1996,2.407419682
16-01-1996,2.39998126
17-01-1996,2.399449825
18-01-1996,2.369695425
19-01-1996,2.267150402
22-01-1996,2.251209974
23-01-1996,2.11200428
24-01-1996,2.020617247
25-01-1996,1.999895573
26-01-1996,1.999895573
29-01-1996,2.11200428
30-01-1996,2.243771791
31-01-1996,2.159823656
01-02-1996,2.294248104
02-02-1996,2.557251453
05-02-1996,2.68795681
06-02-1996,2.662454128
07-02-1996,2.62313652
08-02-1996,2.898893356
09-02-1996,2.994529486
12-02-1996,2.900485992
13-02-1996,2.969558001
14-02-1996,3.062007904
15-02-1996,3.092292786
16-02-1996,3.000374794
19-02-1996,2.999311924
20-02-1996,2.867543459
21-02-1996,2.867543459
22-02-1996,2.937678576
23-02-1996,2.899955511
26-02-1996,2.906861544
27-02-1996,2.897830009
28-02-1996,2.881358862
29-02-1996,2.699646711
01-03-1996,2.745872021
04-03-1996,2.757029295
05-03-1996,2.757029295
06-03-1996,2.7538414
07-03-1996,2.719305754
08-03-1996,2.679456234
11-03-1996,2.606133938
12-03-1996,2.53068614
13-03-1996,2.731525898
14-03-1996,2.713460684
15-03-1996,2.681050539
18-03-1996,2.493494034
19-03-1996,2.433453798
20-03-1996,2.433453798
21-03-1996,2.501994371
22-03-1996,2.360131025
25-03-1996,2.200735331
26-03-1996,2.271931887
27-03-1996,2.30381155
28-03-1996,2.424421549
29-03-1996,2.379259825
01-04-1996,2.412201166
02-04-1996,2.496680737
03-04-1996,2.495618343
04-04-1996,2.559378147
05-04-1996,2.559378147
08-04-1996,2.677862406
09-04-1996,2.724618673
10-04-1996,2.645452261
11-04-1996,2.622073889
12-04-1996,2.643326521
15-04-1996,2.645983934
16-04-1996,2.702833414
17-04-1996,2.836196899
18-04-1996,2.924396038
19-04-1996,2.908986807
22-04-1996,2.837257624
23-04-1996,2.881889582
24-04-1996,2.993467093
25-04-1996,2.862230301
26-04-1996,2.908986807
29-04-1996,2.923863411
30-04-1996,2.894641161
01-05-1996,2.935553074
02-05-1996,2.933959484
03-05-1996,2.908455372
06-05-1996,2.793159485
07-05-1996,2.803786755
08-05-1996,2.839383841
09-05-1996,2.791565418
10-05-1996,2.807505131
13-05-1996,2.940335274
14-05-1996,3.094950676
15-05-1996,3.066791058
16-05-1996,3.077948093
17-05-1996,3.034380436
20-05-1996,2.879232883
21-05-1996,2.827162981
22-05-1996,2.882953167
23-05-1996,2.859575033
24-05-1996,2.898893356
27-05-1996,2.823445082
28-05-1996,2.816005468
29-05-1996,2.941929102
30-05-1996,2.905268192
31-05-1996,2.913237572
03-06-1996,3.005155802
04-06-1996,2.95149231
05-06-1996,2.950429916
06-06-1996,3.040223837
07-06-1996,3.119390249
10-06-1996,3.114609003
11-06-1996,3.182086468
12-06-1996,3.26922369
13-06-1996,3.329262495
14-06-1996,3.474844933
17-06-1996,3.306946039
18-06-1996,3.252220869
19-06-1996,3.086448193
20-06-1996,3.198557854
21-06-1996,3.261253595
24-06-1996,3.420649529
25-06-1996,3.39461565
26-06-1996,3.334575891
27-06-1996,3.36007905
28-06-1996,3.33298254
01-07-1996,3.253816605
02-07-1996,3.212371111
03-07-1996,3.176774025
04-07-1996,3.169335127
05-07-1996,3.258064985
08-07-1996,3.284818172
09-07-1996,3.229090214
10-07-1996,3.31000495
11-07-1996,3.374843359
12-07-1996,3.361446619
15-07-1996,3.363054991
16-07-1996,3.323936939
17-07-1996,3.359839439
18-07-1996,3.394134045
19-07-1996,3.368413448
22-07-1996,3.360375166
23-07-1996,3.348050833
24-07-1996,3.304646254
25-07-1996,3.298215628
26-07-1996,3.266599894
29-07-1996,3.152997255
30-07-1996,3.051720142
31-07-1996,3.240878582
01-08-1996,3.267671585
02-08-1996,3.26177597
05-08-1996,3.294999838
06-08-1996,3.280531883
07-08-1996,3.272494555
08-08-1996,3.20872736
09-08-1996,3.233911991
12-08-1996,3.268206835
13-08-1996,3.306253433
14-08-1996,3.255883217
15-08-1996,3.255883217
16-08-1996,3.214622021
19-08-1996,3.042074919
20-08-1996,3.060293913
21-08-1996,3.098340034
22-08-1996,3.050648689
23-08-1996,3.081192255
26-08-1996,3.018497467
27-08-1996,3.049041033
28-08-1996,3.080656767
29-08-1996,3.092446089
30-08-1996,3.105842113
02-09-1996,3.1803267
03-09-1996,3.191043615
04-09-1996,3.163179636
05-09-1996,3.199617386
06-09-1996,3.218372345
09-09-1996,3.174968243
10-09-1996,3.1647861
11-09-1996,3.077977657
12-09-1996,3.080120802
13-09-1996,3.062436581
16-09-1996,3.00777936
17-09-1996,3.098875523
18-09-1996,3.222660065
19-09-1996,3.138529539
20-09-1996,3.153533697
23-09-1996,3.147638798
24-09-1996,3.222660065
25-09-1996,3.20872736
26-09-1996,3.182469606
27-09-1996,3.187292576
30-09-1996,3.246773005
01-10-1996,3.282140493
02-10-1996,3.282140493
03-10-1996,3.345907688
04-10-1996,3.306253433
07-10-1996,3.248917103
08-10-1996,3.393598557
09-10-1996,3.329296112
10-10-1996,3.457901239
11-10-1996,3.477728844
14-10-1996,3.419320583
15-10-1996,3.413426638
16-10-1996,3.330367088
17-10-1996,3.263920307
18-10-1996,3.24409461
21-10-1996,3.24409461
22-10-1996,3.291785479
23-10-1996,3.427358627
24-10-1996,3.338405132
25-10-1996,3.361982822
28-10-1996,3.397349358
29-10-1996,3.463796377
30-10-1996,3.463796377
31-10-1996,3.226945639
01-11-1996,3.219979763
04-11-1996,3.116022348
05-11-1996,2.94454813
06-11-1996,2.738778114
07-11-1996,2.660006523
08-11-1996,2.749495506
11-11-1996,2.771465063
12-11-1996,2.771465063
13-11-1996,2.882387877
14-11-1996,2.814334393
15-11-1996,2.841663361
18-11-1996,3.035108566
19-11-1996,3.063508987
20-11-1996,2.912396908
21-11-1996,2.94454813
22-11-1996,2.937581539
25-11-1996,2.935974598
26-11-1996,3.066724539
27-11-1996,2.921505213
28-11-1996,2.945082903
29-11-1996,2.94776392
02-12-1996,2.983130217
03-12-1996,2.910789251
04-12-1996,2.814334393
05-12-1996,2.872743607
06-12-1996,2.919897556
09-12-1996,2.952050686
10-12-1996,2.934903145
11-12-1996,3.059221506
12-12-1996,3.025999069
13-12-1996,2.994383097
16-12-1996,3.04475379
17-12-1996,3.031357288
18-12-1996,3.050648689
19-12-1996,3.056006908
20-12-1996,3.172289371
23-12-1996,3.249452114
24-12-1996,3.324472666
25-12-1996,3.324472666
26-12-1996,3.55596447
27-12-1996,3.55596447
30-12-1996,3.55596447
31-12-1996,3.569896698
01-01-1997,3.691536665
02-01-1997,3.635807514
03-01-1997,3.624019146
06-01-1997,3.489517927
07-01-1997,3.437537909
08-01-1997,3.463796377
09-01-1997,3.500770807
10-01-1997,3.706540108
13-01-1997,3.851759434
14-01-1997,4.104148388
15-01-1997,4.391905785
16-01-1997,4.190421581
17-01-1997,4.234898567
20-01-1997,4.246686459
21-01-1997,4.174346447
22-01-1997,4.33778286
23-01-1997,4.33778286
24-01-1997,4.187205791
27-01-1997,4.261155605
28-01-1997,4.276696205
29-01-1997,4.417625427
30-01-1997,4.318491936
31-01-1997,4.159341812
03-02-1997,4.023233891
04-02-1997,4.106292725
05-02-1997,4.100398064
06-02-1997,4.097717762
07-02-1997,4.269192696
10-02-1997,4.303487301
11-02-1997,4.356001854
12-02-1997,4.511938095
13-02-1997,4.514080524
14-02-1997,4.523725986
17-02-1997,4.52694273
18-02-1997,4.388690472
19-02-1997,4.488895416
20-02-1997,4.462103367
21-02-1997,4.407445431
24-02-1997,4.231147766
25-02-1997,4.158806801
26-02-1997,4.147017002
27-02-1997,4.229003429
28-02-1997,4.568204403
03-03-1997,4.652869701
04-03-1997,4.856494904
05-03-1997,4.87525034
06-03-1997,4.824344158
07-03-1997,4.824344158
10-03-1997,4.61214447
11-03-1997,4.499613762
12-03-1997,4.66358614
13-03-1997,4.555343151
14-03-1997,4.627146721
17-03-1997,4.595532417
18-03-1997,4.522119522
19-03-1997,4.412267685
20-03-1997,4.424055576
21-03-1997,4.543553829
24-03-1997,4.543553829
25-03-1997,4.50336504
26-03-1997,4.42727232
27-03-1997,4.454064846
28-03-1997,4.454064846
31-03-1997,4.008766174
01-04-1997,3.914989948
02-04-1997,4.01198101
03-04-1997,4.069853783
04-04-1997,4.016803741
07-04-1997,3.875871897
08-04-1997,3.875871897
09-04-1997,4.146482468
10-04-1997,4.079499722
11-04-1997,4.216144085
14-04-1997,4.216144085
15-04-1997,4.416554928
16-04-1997,4.416554928
17-04-1997,4.457279682
18-04-1997,4.457279682
21-04-1997,4.542481422
22-04-1997,4.445489407
23-04-1997,4.470677853
24-04-1997,4.405837536
25-04-1997,4.461032867
28-04-1997,4.425129414
29-04-1997,4.372614861
30-04-1997,4.463710308
01-05-1997,4.463710308
02-05-1997,4.390297413
05-05-1997,4.296520233
06-05-1997,4.381188869
07-05-1997,4.37475872
08-05-1997,4.384939194
09-05-1997,4.358146191
12-05-1997,4.283125877
13-05-1997,4.280445576
14-05-1997,4.358683109
15-05-1997,4.543017387
16-05-1997,4.700559139
19-05-1997,4.818449974
20-05-1997,4.790049553
21-05-1997,4.487288952
22-05-1997,4.530157089
23-05-1997,4.547840118
26-05-1997,4.574097633
27-05-1997,4.629290581
28-05-1997,4.571419239
29-05-1997,4.611607552
30-05-1997,4.760038853
02-06-1997,5.076733589
03-06-1997,5.182299137
04-06-1997,5.122281551
05-06-1997,5.188192844
06-06-1997,5.176939964
09-06-1997,5.202126026
10-06-1997,5.214984417
11-06-1997,5.317335129
12-06-1997,5.513995647
13-06-1997,5.724588871
16-06-1997,5.324302673
17-06-1997,5.244994164
18-06-1997,5.379493713
19-06-1997,5.440582752
20-06-1997,5.41164732
23-06-1997,5.320548534
24-06-1997,5.325373173
25-06-1997,5.281967163
26-06-1997,5.487202644
27-06-1997,5.667788506
30-06-1997,5.899815083
01-07-1997,5.834439278
02-07-1997,6.041814804
03-07-1997,6.030563354
04-07-1997,5.997341633
07-07-1997,5.941610336
08-07-1997,5.946969032
09-07-1997,5.879985332
10-07-1997,5.844618797
11-07-1997,5.831224918
14-07-1997,5.423433781
15-07-1997,5.512922287
16-07-1997,5.410040855
17-07-1997,5.470054626
18-07-1997,5.470054626
21-07-1997,5.41432476
22-07-1997,5.450763702
23-07-1997,5.505422115
24-07-1997,5.507029057
25-07-1997,5.39396286
28-07-1997,5.120137691
29-07-1997,5.189800262
30-07-1997,5.060121536
31-07-1997,5.41432476
01-08-1997,5.784604073
04-08-1997,5.86716032
05-08-1997,6.21130991
06-08-1997,6.234932423
07-08-1997,6.180707932
08-08-1997,6.189835072
11-08-1997,6.229565144
12-08-1997,6.102320671
13-08-1997,6.141513824
14-08-1997,6.16674614
15-08-1997,6.16674614
18-08-1997,5.816157818
19-08-1997,5.758710384
20-08-1997,5.854814529
21-08-1997,5.74582386
22-08-1997,5.622876167
25-08-1997,5.657772541
26-08-1997,5.623949528
27-08-1997,5.747970104
28-08-1997,5.465566635
29-08-1997,5.325974941
01-09-1997,5.451607227
02-09-1997,5.586904049
03-09-1997,5.710926533
04-09-1997,5.779649734
05-09-1997,5.847833633
08-09-1997,5.81937933
09-09-1997,5.962728024
10-09-1997,5.905282497
11-09-1997,5.964339733
12-09-1997,5.922998428
15-09-1997,6.128092766
16-09-1997,6.158695221
17-09-1997,6.188223839
18-09-1997,6.120574951
19-09-1997,6.114670753
22-09-1997,6.033061981
23-09-1997,5.930517673
24-09-1997,5.880046368
25-09-1997,6.128630161
26-09-1997,6.109300137
29-09-1997,6.321910381
30-09-1997,6.368621349
01-10-1997,6.343922615
02-10-1997,6.343922615
03-10-1997,6.343922615
06-10-1997,6.343922615
07-10-1997,6.343922615
08-10-1997,6.343922615
09-10-1997,6.261778355
10-10-1997,6.684850216
13-10-1997,6.384187698
14-10-1997,6.224195957
15-10-1997,6.361641407
16-10-1997,6.505527973
17-10-1997,6.54472065
20-10-1997,6.954369545
21-10-1997,6.723505974
22-10-1997,6.78256321
23-10-1997,6.709009647
24-10-1997,6.313858032
27-10-1997,6.266609192
28-10-1997,5.654552937
29-10-1997,6.2059412
30-10-1997,6.040040016
31-10-1997,6.040040016
03-11-1997,6.114670753
04-11-1997,6.128630161
05-11-1997,6.025009155
06-11-1997,6.09373045
07-11-1997,6.044873238
10-11-1997,6.01802969
11-11-1997,6.083528519
12-11-1997,5.949306488
13-11-1997,5.8295784
14-11-1997,5.8295784
17-11-1997,5.800587654
18-11-1997,5.637908459
19-11-1997,5.2583251
20-11-1997,5.4269104
21-11-1997,5.815083027
24-11-1997,5.780185223
25-11-1997,6.000310421
26-11-1997,6.16298914
27-11-1997,6.371841431
28-11-1997,6.175338745
01-12-1997,6.312247753
02-12-1997,6.40083313
03-12-1997,6.744980812
04-12-1997,6.624179363
05-12-1997,6.714916706
08-12-1997,6.693977833
09-12-1997,6.0335989
10-12-1997,5.866087914
11-12-1997,6.136146069
12-12-1997,5.954677105
15-12-1997,6.010511875
16-12-1997,6.053462505
17-12-1997,6.355199337
18-12-1997,6.224195957
19-12-1997,6.327279091
22-12-1997,6.549552917
23-12-1997,6.656395912
24-12-1997,6.511433125
25-12-1997,6.511433125
26-12-1997,6.631697655
29-12-1997,6.639214039
30-12-1997,6.511433125
31-12-1997,6.685385227
01-01-1998,6.727264881
02-01-1998,6.702565193
05-01-1998,6.629011631
06-01-1998,6.589282036
07-01-1998,6.61397934
08-01-1998,6.423383236
09-01-1998,6.399758816
12-01-1998,6.220438004
13-01-1998,6.342311382
14-01-1998,6.255335331
15-01-1998,6.324594975
16-01-1998,6.360029221
19-01-1998,6.422307968
20-01-1998,6.389560699
21-01-1998,6.361641407
22-01-1998,6.276812077
23-01-1998,6.314930916
26-01-1998,6.314930916
27-01-1998,6.250502586
28-01-1998,5.919775963
29-01-1998,5.946084499
30-01-1998,6.02071476
02-02-1998,6.13936615
03-02-1998,6.25211525
04-02-1998,6.251578331
05-02-1998,6.394927025
06-02-1998,6.388485432
09-02-1998,6.342311382
10-02-1998,6.303654671
11-02-1998,6.370230675
12-02-1998,6.362714291
13-02-1998,6.51948595
16-02-1998,6.51948595
17-02-1998,6.719209671
18-02-1998,6.625254631
19-02-1998,6.71974659
20-02-1998,6.682164669
23-02-1998,6.735319614
24-02-1998,6.843232155
25-02-1998,6.946315765
26-02-1998,6.930745602
27-02-1998,7.173421383
02-03-1998,7.584146023
03-03-1998,7.590589046
04-03-1998,7.609917641
05-03-1998,7.505221367
06-03-1998,7.535286427
09-03-1998,7.823597908
10-03-1998,7.882654667
11-03-1998,7.747359276
12-03-1998,7.835408688
13-03-1998,7.835408688
16-03-1998,7.804806709
17-03-1998,7.627634048
18-03-1998,7.718906879
19-03-1998,7.82413578
20-03-1998,7.809103012
23-03-1998,7.876749039
24-03-1998,7.73662138
25-03-1998,7.801050186
26-03-1998,7.660383224
27-03-1998,7.697966576
30-03-1998,7.504148006
31-03-1998,7.63568449
01-04-1998,8.12211132
02-04-1998,8.227878571
03-04-1998,8.391630173
06-04-1998,8.39538765
07-04-1998,8.475921631
08-04-1998,8.475921631
09-04-1998,8.328817368
10-04-1998,8.230026245
13-04-1998,8.099563599
14-04-1998,8.099563599
15-04-1998,8.371230125
16-04-1998,8.274051666
17-04-1998,8.452300072
20-04-1998,8.30680275
21-04-1998,8.415788651
22-04-1998,8.358343124
23-04-1998,8.253651619
24-04-1998,8.292304993
27-04-1998,8.240766525
28-04-1998,8.168824196
29-04-1998,8.203184128
30-04-1998,8.493642807
01-05-1998,8.493642807
04-05-1998,8.678332329
05-05-1998,8.587059975
06-05-1998,8.465186119
07-05-1998,8.465186119
08-05-1998,8.471627235
11-05-1998,8.418477058
12-05-1998,8.304117203
13-05-1998,8.129090309
14-05-1998,8.544647217
15-05-1998,8.601017952
18-05-1998,8.620346069
19-05-1998,8.60853672
20-05-1998,8.867855072
21-05-1998,8.768528938
22-05-1998,8.66222477
25-05-1998,8.548941612
26-05-1998,8.341163635
27-05-1998,7.643740177
28-05-1998,7.668972969
29-05-1998,7.388716221
01-06-1998,7.177181244
02-06-1998,6.862558842
03-06-1998,7.100404739
04-06-1998,7.063895226
05-06-1998,6.891552448
08-06-1998,6.691830158
09-06-1998,6.921082497
10-06-1998,6.600558281
11-06-1998,6.70310545
12-06-1998,6.903364658
15-06-1998,6.493716717
16-06-1998,6.584450722
17-06-1998,7.234090328
18-06-1998,7.142282486
19-06-1998,6.689145088
22-06-1998,6.61204195
23-06-1998,6.801373482
24-06-1998,6.955003738
25-06-1998,7.063733578
26-06-1998,6.928495884
29-06-1998,7.135682583
30-06-1998,7.078341007
01-07-1998,6.907940865
02-07-1998,6.886845589
03-07-1998,6.707249165
06-07-1998,6.993412018
07-07-1998,7.037767887
08-07-1998,7.318523884
09-07-1998,7.453758717
10-07-1998,7.576014519
13-07-1998,7.329882622
14-07-1998,7.454300404
15-07-1998,7.380733013
16-07-1998,7.788067341
17-07-1998,7.540852547
20-07-1998,7.322309494
21-07-1998,7.263885975
22-07-1998,7.331506252
23-07-1998,7.045883179
24-07-1998,6.930121422
27-07-1998,6.827881813
28-07-1998,6.986378193
29-07-1998,7.137847424
30-07-1998,6.863582611
31-07-1998,6.886845589
03-08-1998,6.501688004
04-08-1998,6.50060606
05-08-1998,6.520619869
06-08-1998,6.447051048
07-08-1998,6.412428379
10-08-1998,6.280438423
11-08-1998,6.214443207
12-08-1998,6.206327438
13-08-1998,6.322091103
14-08-1998,6.283684254
17-08-1998,6.121397495
18-08-1998,6.181444168
19-08-1998,6.27935791
20-08-1998,6.633137226
21-08-1998,6.540633678
24-08-1998,6.609876633
25-08-1998,6.779192924
26-08-1998,6.779192924
27-08-1998,6.727804661
28-08-1998,6.723475456
31-08-1998,6.793257236
01-09-1998,6.748901844
02-09-1998,6.720231056
03-09-1998,6.816520214
04-09-1998,7.138926506
07-09-1998,7.136223316
08-09-1998,7.324472904
09-09-1998,7.308242321
10-09-1998,7.297425747
11-09-1998,7.245495319
14-09-1998,7.505150795
15-09-1998,7.373158455
16-09-1998,7.359093666
17-09-1998,7.312031269
18-09-1998,7.119994164
21-09-1998,7.092946529
22-09-1998,7.16218853
23-09-1998,7.156238556
24-09-1998,7.658779621
25-09-1998,7.676631927
28-09-1998,7.597652912
29-09-1998,7.551671028
30-09-1998,7.531116962
01-10-1998,7.531116962
02-10-1998,7.531116962
05-10-1998,6.930660725
06-10-1998,7.16056633
07-10-1998,7.531116962
08-10-1998,7.460250854
09-10-1998,7.579259872
12-10-1998,7.563033581
13-10-1998,7.248740673
14-10-1998,7.533279419
15-10-1998,7.480267048
16-10-1998,7.51759243
19-10-1998,7.471611023
20-10-1998,7.296883583
21-10-1998,7.296883583
22-10-1998,7.518133163
23-10-1998,7.665809631
26-10-1998,7.79834795
27-10-1998,7.810249329
28-10-1998,7.769676208
29-10-1998,7.759396553
30-10-1998,7.640929222
02-11-1998,7.641471863
03-11-1998,7.570066452
04-11-1998,7.570066452
05-11-1998,7.584126949
06-11-1998,7.630111694
09-11-1998,7.743709087
10-11-1998,7.760479927
11-11-1998,7.892470837
12-11-1998,7.947648048
13-11-1998,7.898421288
16-11-1998,7.791314125
17-11-1998,7.789151192
18-11-1998,7.8681283
19-11-1998,7.729645729
20-11-1998,7.681500435
23-11-1998,7.579801559
24-11-1998,7.546264172
25-11-1998,7.546264172
26-11-1998,7.41048193
27-11-1998,7.380733013
30-11-1998,7.38722229
01-12-1998,7.373158455
02-12-1998,7.297966003
03-12-1998,7.302835464
04-12-1998,7.659320354
07-12-1998,7.65120697
08-12-1998,7.617127419
09-12-1998,7.682582378
10-12-1998,7.695023537
11-12-1998,7.75723362
14-12-1998,7.727480888
15-12-1998,7.525706768
16-12-1998,7.638224602
17-12-1998,7.441318035
18-12-1998,7.528952599
21-12-1998,7.768054485
22-12-1998,7.704218864
23-12-1998,7.594947338
24-12-1998,7.600359917
25-12-1998,7.600359917
28-12-1998,7.962794781
29-12-1998,7.768054485
30-12-1998,8.389605522
31-12-1998,8.125079155
01-01-1999,8.249499321
04-01-1999,8.44424057
05-01-1999,8.471286774
06-01-1999,8.622756004
07-01-1999,8.863477707
08-01-1999,9.0825634
11-01-1999,9.086350441
12-01-1999,8.690374374
13-01-1999,8.710389137
14-01-1999,8.742304802
15-01-1999,8.696326256
18-01-1999,8.968961716
19-01-1999,8.655210495
20-01-1999,8.655210495
21-01-1999,8.893230438
22-01-1999,8.74933815
25-01-1999,8.676850319
26-01-1999,8.676850319
27-01-1999,8.900261879
28-01-1999,8.687671661
29-01-1999,8.730947495
01-02-1999,8.657373428
02-02-1999,8.579480171
03-02-1999,8.8174963
04-02-1999,8.847249985
05-02-1999,8.839136124
08-02-1999,8.90350914
09-02-1999,8.936505318
10-02-1999,9.093382835
11-02-1999,9.142067909
12-02-1999,9.217802048
15-02-1999,9.106907845
16-02-1999,9.098792076
17-02-1999,9.012237549
18-02-1999,8.920277596
19-02-1999,8.893230438
22-02-1999,8.687671661
23-02-1999,8.804515839
24-02-1999,8.785039902
25-02-1999,8.655210495
26-02-1999,8.360934258
01-03-1999,9.737112999
02-03-1999,9.737112999
03-03-1999,10.0292263
04-03-1999,10.26724625
05-03-1999,10.44035149
08-03-1999,10.95858002
09-03-1999,10.61345482
10-03-1999,10.77844429
11-03-1999,10.64537239
12-03-1999,10.79196835
15-03-1999,10.93045139
16-03-1999,10.71028328
17-03-1999,10.87040615
18-03-1999,10.90556622
19-03-1999,10.78655815
22-03-1999,10.597229
23-03-1999,10.26724625
24-03-1999,10.38733482
25-03-1999,9.88858223
26-03-1999,9.964312553
29-03-1999,9.964312553
30-03-1999,10.54854107
31-03-1999,10.41871166
01-04-1999,10.22883701
02-04-1999,10.22883701
05-04-1999,9.520734787
06-04-1999,10.28239059
07-04-1999,10.22504997
08-04-1999,10.26724625
09-04-1999,10.11686134
12-04-1999,10.05086517
13-04-1999,9.856122971
14-04-1999,9.856122971
15-04-1999,9.72088623
16-04-1999,10.49877167
19-04-1999,10.18880367
20-04-1999,10.20233059
21-04-1999,10.33215809
22-04-1999,10.0670929
23-04-1999,10.22397137
26-04-1999,9.596468925
27-04-1999,9.596468925
28-04-1999,9.975132942
29-04-1999,10.27806377
30-04-1999,10.36353588
03-05-1999,10.33973122
04-05-1999,10.97047901
05-05-1999,11.03539371
06-05-1999,11.9182272
07-05-1999,11.84681892
10-05-1999,11.89009476
11-05-1999,11.61962128
12-05-1999,11.40919399
13-05-1999,11.74295807
14-05-1999,12.07943249
17-05-1999,11.85114861
18-05-1999,11.7505312
19-05-1999,11.76027107
20-05-1999,11.55470371
21-05-1999,11.84952354
24-05-1999,12.08375645
25-05-1999,11.53306961
26-05-1999,11.57634926
27-05-1999,10.93910503
28-05-1999,11.00294018
31-05-1999,11.43083096
01-06-1999,11.04946041
02-06-1999,11.10301304
03-06-1999,11.17983246
04-06-1999,11.44922161
07-06-1999,11.59798527
08-06-1999,11.53306961
09-06-1999,11.51305389
10-06-1999,11.45571423
11-06-1999,11.15981483
14-06-1999,10.98995304
15-06-1999,10.84011459
16-06-1999,11.19822216
17-06-1999,11.38538933
18-06-1999,11.59203434
21-06-1999,11.8322134
22-06-1999,11.93824196
23-06-1999,11.68129253
24-06-1999,11.79290295
25-06-1999,11.69175053
28-06-1999,11.76408291
29-06-1999,11.82390213
30-06-1999,11.92342091
01-07-1999,11.84402466
02-07-1999,11.84674454
05-07-1999,12.01315308
06-07-1999,11.95061493
07-07-1999,11.79127216
08-07-1999,11.52316093
09-07-1999,11.3045454
12-07-1999,11.67978954
13-07-1999,11.36164951
14-07-1999,11.3007412
15-07-1999,11.1718502
16-07-1999,11.15445137
19-07-1999,11.35131645
20-07-1999,10.82434464
21-07-1999,10.90483189
22-07-1999,10.92223549
23-07-1999,11.00272083
26-07-1999,10.89504242
27-07-1999,10.81999969
28-07-1999,11.02665138
29-07-1999,11.0473156
30-07-1999,10.93311024
02-08-1999,10.8754673
03-08-1999,10.66065693
04-08-1999,10.87872887
05-08-1999,10.82543468
06-08-1999,10.73679161
09-08-1999,10.54699516
10-08-1999,10.19622612
11-08-1999,10.41919422
12-08-1999,10.36372471
13-08-1999,10.22233009
16-08-1999,10.30825329
17-08-1999,10.30335903
18-08-1999,10.97498703
19-08-1999,10.71449375
20-08-1999,10.57581711
23-08-1999,10.67153072
24-08-1999,10.84120464
25-08-1999,10.73787689
26-08-1999,11.19360924
27-08-1999,11.50195789
30-08-1999,11.17620468
31-08-1999,11.04894447
01-09-1999,11.33445835
02-09-1999,10.88525677
03-09-1999,10.72156239
06-09-1999,10.74005508
07-09-1999,10.53557396
08-09-1999,10.64325237
09-09-1999,10.63019943
10-09-1999,10.57092381
13-09-1999,10.57092381
14-09-1999,10.45073891
15-09-1999,10.38656712
16-09-1999,10.18208694
17-09-1999,10.02165604
20-09-1999,9.887328148
21-09-1999,9.580611229
22-09-1999,9.876998901
23-09-1999,9.533296585
24-09-1999,9.536018372
27-09-1999,9.16947937
28-09-1999,8.952490807
29-09-1999,9.242347717
30-09-1999,9.04385376
01-10-1999,8.988384247
04-10-1999,8.653930664
05-10-1999,8.585409164
06-10-1999,8.844269753
07-10-1999,9.46967411
08-10-1999,9.365801811
11-10-1999,9.039504051
12-10-1999,8.766503334
13-10-1999,8.917685509
14-10-1999,9.631189346
15-10-1999,8.87853241
18-10-1999,8.647405624
19-10-1999,8.647405624
20-10-1999,8.410293579
21-10-1999,8.372771263
22-10-1999,8.41845417
25-10-1999,8.71918869
26-10-1999,8.514165878
27-10-1999,8.538096428
28-10-1999,8.068771362
29-10-1999,7.687004566
01-11-1999,7.092056751
02-11-1999,7.344938278
03-11-1999,7.458054066
04-11-1999,7.505910397
05-11-1999,7.883326054
08-11-1999,7.883326054
09-11-1999,7.856135368
10-11-1999,7.833838463
11-11-1999,8.370053291
12-11-1999,8.326003075
15-11-1999,8.246060371
16-11-1999,8.073122978
17-11-1999,7.950760365
18-11-1999,8.281951904
19-11-1999,8.373313904
22-11-1999,8.255306244
23-11-1999,8.255306244
24-11-1999,8.119346619
25-11-1999,8.151435852
26-11-1999,7.918675423
29-11-1999,7.641867638
30-11-1999,7.565186977
01-12-1999,7.714197636
02-12-1999,7.721264839
03-12-1999,7.750632286
06-12-1999,7.717461586
07-12-1999,7.639146328
08-12-1999,7.48796463
09-12-1999,7.4901371
10-12-1999,7.288920403
13-12-1999,7.065410137
14-12-1999,6.743465424
15-12-1999,7.014833927
16-12-1999,6.838090897
17-12-1999,6.657539368
20-12-1999,6.650467873
21-12-1999,7.182877541
22-12-1999,7.757700443
23-12-1999,7.980128765
24-12-1999,7.548329353
27-12-1999,7.257380009
28-12-1999,7.260643005
29-12-1999,7.311219692
30-12-1999,7.135017872
31-12-1999,7.135017872
03-01-2000,7.706038475
04-01-2000,7.747911453
05-01-2000,7.898553848
06-01-2000,8.530481339
07-01-2000,9.212985992
10-01-2000,9.950417519
11-01-2000,9.611610413
12-01-2000,9.662187576
13-01-2000,9.568648338
14-01-2000,9.653486252
17-01-2000,8.889949799
18-01-2000,8.933455467
19-01-2000,8.985121727
20-01-2000,8.550057411
21-01-2000,9.044399261
24-01-2000,8.619125366
25-01-2000,7.934988499
26-01-2000,7.934988499
27-01-2000,8.47120285
28-01-2000,7.822417736
31-01-2000,7.528748989
01-02-2000,7.630446434
02-02-2000,7.766401768
03-02-2000,7.712563038
04-02-2000,7.564644337
07-02-2000,8.128050804
08-02-2000,8.301531792
09-02-2000,8.966085434
10-02-2000,9.683396339
11-02-2000,10.45835304
14-02-2000,10.14292812
15-02-2000,10.94725227
16-02-2000,10.84610271
17-02-2000,11.20393944
18-02-2000,10.40668583
21-02-2000,10.65793514
22-02-2000,10.2380991
23-02-2000,9.419639587
24-02-2000,9.165675163
25-02-2000,8.811641693
28-02-2000,8.739310265
29-02-2000,8.12315464
01-03-2000,8.19820118
02-03-2000,7.881151676
03-03-2000,7.345479965
06-03-2000,7.933358192
07-03-2000,8.49023819
08-03-2000,8.78336525
09-03-2000,9.013399124
10-03-2000,9.108026505
13-03-2000,9.017209053
14-03-2000,9.342960358
15-03-2000,9.263559341
16-03-2000,8.545165062
17-03-2000,8.545165062
20-03-2000,8.545165062
21-03-2000,7.887133598
22-03-2000,8.053544998
23-03-2000,7.665252209
24-03-2000,7.846347332
27-03-2000,7.836556911
28-03-2000,7.634797096
29-03-2000,7.865382195
30-03-2000,7.832749844
31-03-2000,8.064421654
03-04-2000,8.66861248
04-04-2000,7.975232124
05-04-2000,7.599991798
06-04-2000,7.426510811
07-04-2000,7.950215816
10-04-2000,8.005144119
11-04-2000,7.79848814
12-04-2000,7.851241112
13-04-2000,7.457510948
14-04-2000,7.457510948
17-04-2000,6.860929966
18-04-2000,6.316015244
19-04-2000,6.332331181
20-04-2000,6.261631966
21-04-2000,6.261631966
24-04-2000,5.774906635
25-04-2000,5.58619833
26-04-2000,6.033223629
27-04-2000,6.253473759
28-04-2000,6.190935135
01-05-2000,6.190935135
02-05-2000,5.742278576
03-05-2000,5.717803955
04-05-2000,5.972858429
05-05-2000,6.138727188
08-05-2000,5.65961504
09-05-2000,5.754786015
10-05-2000,5.797203541
11-05-2000,5.79992342
12-05-2000,6.084888458
15-05-2000,6.313295364
16-05-2000,6.806545258
17-05-2000,6.727692127
18-05-2000,6.577050686
19-05-2000,6.733129501
22-05-2000,6.835370541
23-05-2000,6.994713306
24-05-2000,6.797302246
25-05-2000,7.119247913
26-05-2000,7.306870937
29-05-2000,7.292729378
30-05-2000,8.039405823
31-05-2000,7.892028332
01-06-2000,7.56627655
02-06-2000,7.575520515
05-06-2000,7.233994961
06-06-2000,7.264994144
07-06-2000,7.485789299
08-06-2000,7.696251392
09-06-2000,7.608150959
12-06-2000,7.485789299
13-06-2000,7.503190994
14-06-2000,7.589659691
15-06-2000,7.797402382
16-06-2000,7.871363163
19-06-2000,8.018740654
20-06-2000,8.172643661
21-06-2000,7.884959221
22-06-2000,8.005144119
23-06-2000,8.042124748
26-06-2000,7.884959221
27-06-2000,7.924416065
28-06-2000,8.294386864
29-06-2000,8.783101082
30-06-2000,8.70558548
03-07-2000,8.984303474
04-07-2000,8.901844978
05-07-2000,8.778153419
06-07-2000,8.899095535
07-07-2000,9.158021927
10-07-2000,9.212992668
11-07-2000,9.491158485
12-07-2000,9.296001434
13-07-2000,9.161870003
14-07-2000,9.068963051
17-07-2000,8.594542503
18-07-2000,8.861163139
19-07-2000,8.62752533
20-07-2000,8.459856987
21-07-2000,8.287240982
24-07-2000,8.126717567
25-07-2000,8.308677673
26-07-2000,8.049754143
27-07-2000,8.09923172
28-07-2000,8.224571228
31-07-2000,8.157503128
01-08-2000,8.264701843
02-08-2000,8.347710609
03-08-2000,8.241063118
04-08-2000,8.36750412
07-08-2000,8.522527695
08-08-2000,8.556061745
09-08-2000,8.448310852
10-08-2000,8.436766624
11-08-2000,8.369700432
14-08-2000,8.816085815
15-08-2000,8.816085815
16-08-2000,9.002444267
17-08-2000,8.794095039
18-08-2000,8.724827766
21-08-2000,8.585746765
22-08-2000,8.424674034
23-08-2000,8.539016724
24-08-2000,8.460406303
25-08-2000,8.359256744
28-08-2000,8.399388313
29-08-2000,8.432919502
30-08-2000,8.347710609
31-08-2000,8.531322479
01-09-2000,8.531322479
04-09-2000,8.481847763
05-09-2000,8.49174118
06-09-2000,8.405435562
07-09-2000,8.399935722
08-09-2000,8.385643959
11-09-2000,8.368051529
12-09-2000,9.127236366
13-09-2000,9.238832474
14-09-2000,9.054671288
15-09-2000,8.852915764
18-09-2000,8.569254875
19-09-2000,8.289437294
20-09-2000,8.458209991
21-09-2000,8.491191864
22-09-2000,7.965645313
25-09-2000,8.036011696
26-09-2000,8.037111282
27-09-2000,8.062398911
28-09-2000,7.802925587
29-09-2000,7.841404915
02-10-2000,7.841404915
03-10-2000,7.843057156
04-10-2000,7.959598064
05-10-2000,7.956851959
06-10-2000,8.133313179
09-10-2000,7.993132114
10-10-2000,7.917268276
11-10-2000,7.922218323
12-10-2000,8.199831963
13-10-2000,8.40763092
16-10-2000,8.686897278
17-10-2000,8.280646324
18-10-2000,8.138261795
19-10-2000,8.222373009
20-10-2000,8.226219177
23-10-2000,8.208628654
24-10-2000,8.3471632
25-10-2000,8.409831047
26-10-2000,8.439517975
27-10-2000,8.316376686
30-10-2000,8.255356789
31-10-2000,8.353757858
01-11-2000,8.573103905
02-11-2000,9.032128334
03-11-2000,8.891399384
06-11-2000,8.851817131
07-11-2000,8.899095535
08-11-2000,8.673152924
09-11-2000,8.537371635
10-11-2000,8.360354424
13-11-2000,8.292187691
14-11-2000,8.416428566
15-11-2000,8.457108498
16-11-2000,8.326274872
17-11-2000,8.472499847
20-11-2000,8.454908371
21-11-2000,8.563756943
22-11-2000,8.617078781
23-11-2000,8.571454048
24-11-2000,8.609383583
27-11-2000,8.660510063
28-11-2000,8.810585976
29-11-2000,8.984303474
30-11-2000,8.985404015
01-12-2000,9.200897217
04-12-2000,9.30314827
05-12-2000,9.543382645
06-12-2000,9.463671684
07-12-2000,9.483463287
08-12-2000,9.431236267
11-12-2000,9.595057487
12-12-2000,9.932596207
13-12-2000,10.09421635
14-12-2000,10.00845814
15-12-2000,10.16458416
18-12-2000,10.14314365
19-12-2000,10.07112598
20-12-2000,9.85837841
21-12-2000,9.960083008
22-12-2000,9.848485947
25-12-2000,9.848485947
26-12-2000,9.547782898
27-12-2000,9.573070526
28-12-2000,9.808353424
29-12-2000,9.852332115
01-01-2001,9.827595711
02-01-2001,9.973824501
03-01-2001,10.38337517
04-01-2001,10.17557621
05-01-2001,10.29541874
08-01-2001,10.00845814
09-01-2001,10.09091949
10-01-2001,9.994163513
11-01-2001,9.883667946
12-01-2001,9.588460922
15-01-2001,9.531838417
16-01-2001,9.512047768
17-01-2001,9.60220623
18-01-2001,9.869377136
19-01-2001,10.06673145
22-01-2001,10.03649139
23-01-2001,10.02220154
24-01-2001,10.00295925
25-01-2001,9.923248291
26-01-2001,9.923248291
29-01-2001,9.710499763
30-01-2001,9.944140434
31-01-2001,10.01560402
01-02-2001,9.824845314
02-02-2001,9.896312714
05-02-2001,9.810555458
06-02-2001,9.649479866
07-02-2001,8.669303894
08-02-2001,8.988702774
09-02-2001,8.928227425
12-02-2001,8.925483704
13-02-2001,8.806739807
14-02-2001,8.868860245
15-02-2001,9.02223587
16-02-2001,8.928227425
19-02-2001,8.734175682
20-02-2001,8.564307213
21-02-2001,8.686897278
22-02-2001,9.011240959
23-02-2001,8.88974762
26-02-2001,8.92108345
27-02-2001,9.107442856
28-02-2001,8.534072876
01-03-2001,8.343314171
02-03-2001,8.291638374
05-03-2001,8.095383644
06-03-2001,8.095383644
07-03-2001,8.192684174
08-03-2001,8.755065918
09-03-2001,8.701738358
12-03-2001,8.405983925
13-03-2001,7.728713036
14-03-2001,8.278447151
15-03-2001,8.506032944
16-03-2001,8.580247879
19-03-2001,8.623675346
20-03-2001,8.623128891
21-03-2001,8.787500381
22-03-2001,8.896346092
23-03-2001,8.898544312
26-03-2001,8.96231842
27-03-2001,8.97000885
28-03-2001,9.226735115
29-03-2001,8.926580429
30-03-2001,8.949672699
02-04-2001,8.959565163
03-04-2001,8.99090004
04-04-2001,9.250925064
05-04-2001,9.250925064
06-04-2001,9.219039917
09-04-2001,9.294903755
10-04-2001,9.386158943
11-04-2001,9.180561066
12-04-2001,8.926580429
13-04-2001,8.926580429
16-04-2001,9.055218697
17-04-2001,9.02443409
18-04-2001,9.152521133
19-04-2001,9.297103882
20-04-2001,9.532936096
23-04-2001,9.656625748
24-04-2001,9.619246483
25-04-2001,9.566472054
26-04-2001,9.362518311
27-04-2001,9.215192795
30-04-2001,9.226735115
01-05-2001,9.226735115
02-05-2001,9.20419693
03-05-2001,9.191002846
04-05-2001,9.134382248
07-05-2001,9.185506821
08-05-2001,9.084354401
09-05-2001,9.166815758
10-05-2001,9.128334045
11-05-2001,8.877655983
14-05-2001,8.508784294
15-05-2001,8.475251198
16-05-2001,8.468652725
17-05-2001,8.462605476
18-05-2001,8.642368317
21-05-2001,8.547815323
22-05-2001,8.47909832
23-05-2001,8.524724007
24-05-2001,8.462605476
25-05-2001,8.451062202
28-05-2001,8.502185822
29-05-2001,8.545064926
30-05-2001,8.575303078
31-05-2001,8.752315521
01-06-2001,8.487895966
04-06-2001,8.355956078
05-06-2001,8.1547575
06-06-2001,8.243813515
07-06-2001,8.132214546
08-06-2001,8.05305481
11-06-2001,8.253156662
12-06-2001,8.249306679
13-06-2001,8.258102417
14-06-2001,8.199831963
15-06-2001,7.947505474
18-06-2001,8.216876984
19-06-2001,8.67920208
20-06-2001,8.548366547
21-06-2001,8.614880562
22-06-2001,8.629175186
25-06-2001,8.401036263
26-06-2001,8.777052879
27-06-2001,8.61213398
28-06-2001,8.490092278
29-06-2001,8.293289185
02-07-2001,8.342762947
03-07-2001,8.334236145
04-07-2001,8.587837219
05-07-2001,8.435677528
06-07-2001,8.447383881
09-07-2001,8.329222679
10-07-2001,8.408368111
11-07-2001,8.418955803
12-07-2001,8.432891846
13-07-2001,8.714357376
16-07-2001,8.791275024
17-07-2001,8.713801384
18-07-2001,8.702096939
19-07-2001,8.78180027
20-07-2001,8.809106827
23-07-2001,8.818027496
24-07-2001,8.811897278
25-07-2001,8.792387009
26-07-2001,8.682588577
27-07-2001,8.408368111
30-07-2001,8.61626339
31-07-2001,8.836421967
01-08-2001,8.771767616
02-08-2001,8.55328083
03-08-2001,8.469120026
06-08-2001,8.470234871
07-08-2001,8.423415184
08-08-2001,8.30469799
09-08-2001,8.427873611
10-08-2001,8.234469414
13-08-2001,8.219978333
14-08-2001,8.379384041
15-08-2001,8.379384041
16-08-2001,8.171487808
17-08-2001,7.967492104
20-08-2001,8.129686356
21-08-2001,8.131916046
22-08-2001,8.131916046
23-08-2001,8.434561729
24-08-2001,8.251191139
27-08-2001,8.145289421
28-08-2001,8.120767593
29-08-2001,8.089556694
30-08-2001,8.03994751
31-08-2001,8.02824688
03-09-2001,8.036048889
04-09-2001,8.031032562
05-09-2001,8.376599312
06-09-2001,7.548915863
07-09-2001,7.422393799
10-09-2001,7.303116798
11-09-2001,7.474226952
12-09-2001,7.483703613
13-09-2001,7.368329525
14-09-2001,7.197776318
17-09-2001,6.935257912
18-09-2001,7.153745651
19-09-2001,7.095220566
20-09-2001,7.143154621
21-09-2001,6.751328468
24-09-2001,6.823784351
25-09-2001,6.585234642
26-09-2001,6.52448225
27-09-2001,6.663821697
28-09-2001,6.462614536
01-10-2001,6.640413761
02-10-2001,6.640413761
03-10-2001,6.794802666
04-10-2001,6.72178793
05-10-2001,6.728476524
08-10-2001,6.6103158
09-10-2001,6.767493248
10-10-2001,7.269673824
11-10-2001,7.256855965
12-10-2001,7.16433382
15-10-2001,7.234003544
16-10-2001,7.243478298
17-10-2001,7.656485081
18-10-2001,7.566749573
19-10-2001,7.720025063
22-10-2001,7.30757618
23-10-2001,7.439671516
24-10-2001,7.526060581
25-10-2001,7.54055357
26-10-2001,7.54055357
29-10-2001,7.490389824
30-10-2001,7.472554684
31-10-2001,7.64700985
01-11-2001,8.244501114
02-11-2001,7.579568863
05-11-2001,7.207253456
06-11-2001,7.352721691
07-11-2001,7.169351101
08-11-2001,7.333772182
09-11-2001,7.240694046
12-11-2001,7.367772102
13-11-2001,7.344920635
14-11-2001,7.36944294
15-11-2001,7.61523819
16-11-2001,7.61523819
19-11-2001,7.766842842
20-11-2001,7.686023712
21-11-2001,7.840968609
22-11-2001,7.931820869
23-11-2001,7.824807167
26-11-2001,7.798054695
27-11-2001,7.61300993
28-11-2001,7.43465519
29-11-2001,7.438558578
30-11-2001,7.438558578
03-12-2001,7.581797123
04-12-2001,7.820904255
05-12-2001,7.931820869
06-12-2001,8.02824688
07-12-2001,7.894478321
10-12-2001,7.95467329
11-12-2001,7.845430851
12-12-2001,7.637535095
13-12-2001,7.699403763
14-12-2001,7.650353432
17-12-2001,7.650353432
18-12-2001,7.559503555
19-12-2001,7.474784851
20-12-2001,7.563962936
21-12-2001,7.411802769
24-12-2001,7.455835342
25-12-2001,7.455835342
26-12-2001,7.471440315
27-12-2001,7.424622536
28-12-2001,7.366099834
31-12-2001,7.553373337
01-01-2002,7.625272274
02-01-2002,7.885561466
03-01-2002,7.889463425
04-01-2002,7.87998867
07-01-2002,7.932936192
08-01-2002,7.996476173
09-01-2002,8.125782967
10-01-2002,8.224994659
11-01-2002,8.450726509
14-01-2002,8.396664619
15-01-2002,8.178734779
16-01-2002,8.109063148
17-01-2002,8.328663826
18-01-2002,8.125782967
21-01-2002,8.247286797
22-01-2002,8.24784565
23-01-2002,8.275714874
24-01-2002,8.264567375
25-01-2002,8.071722031
28-01-2002,7.889463425
29-01-2002,7.824251652
30-01-2002,7.833726883
31-01-2002,7.74009037
01-02-2002,7.797498226
04-02-2002,7.768512726
05-02-2002,7.796940327
06-02-2002,7.789137363
07-02-2002,7.801400185
08-02-2002,7.973066807
11-02-2002,7.963035583
12-02-2002,7.83651495
13-02-2002,7.822019577
14-02-2002,7.908412457
15-02-2002,8.095128059
18-02-2002,8.323091507
19-02-2002,8.354858398
20-02-2002,8.116867065
21-02-2002,8.222207069
22-02-2002,8.348173141
25-02-2002,8.097916603
26-02-2002,8.072278976
27-02-2002,8.146965981
28-02-2002,8.284633636
01-03-2002,8.451284409
04-03-2002,8.150307655
05-03-2002,7.969163418
06-03-2002,7.932380199
07-03-2002,8.058898926
08-03-2002,7.948544025
11-03-2002,7.978640556
12-03-2002,8.023785591
13-03-2002,8.020999908
14-03-2002,7.988114357
15-03-2002,7.925691128
18-03-2002,7.895038128
19-03-2002,7.926805496
20-03-2002,7.980312824
21-03-2002,7.902280807
22-03-2002,7.886119366
25-03-2002,7.886119366
26-03-2002,7.839300156
27-03-2002,7.712221622
28-03-2002,7.766284943
29-03-2002,7.766284943
01-04-2002,7.873300552
02-04-2002,7.788022518
03-04-2002,7.676549435
04-04-2002,7.658157825
05-04-2002,7.496522427
08-04-2002,7.220630169
09-04-2002,6.981519699
10-04-2002,6.980404854
11-04-2002,7.04505825
12-04-2002,7.223971844
15-04-2002,7.178268909
16-04-2002,7.098009586
17-04-2002,7.116401196
18-04-2002,7.143712044
19-04-2002,7.081287384
22-04-2002,7.156530857
23-04-2002,7.09187603
24-04-2002,7.119745255
25-04-2002,6.831589699
26-04-2002,6.896241188
29-04-2002,6.774181843
30-04-2002,7.018863201
01-05-2002,7.018863201
02-05-2002,6.98597908
03-05-2002,7.00381422
06-05-2002,7.023321629
07-05-2002,7.122529507
08-05-2002,7.17269516
09-05-2002,7.195546627
10-05-2002,7.158761024
13-05-2002,7.095778465
14-05-2002,7.066795826
15-05-2002,7.050632
16-05-2002,7.049517632
17-05-2002,7.047848225
20-05-2002,7.048960209
21-05-2002,6.809852123
22-05-2002,6.887882233
23-05-2002,6.469305038
24-05-2002,6.823228359
27-05-2002,6.815424919
28-05-2002,6.595824718
29-05-2002,6.61533165
30-05-2002,6.771951675
31-05-2002,6.788673878
03-06-2002,6.90850544
04-06-2002,6.899587631
05-06-2002,7.197220802
06-06-2002,6.962569714
07-06-2002,6.938601494
10-06-2002,6.90850544
11-06-2002,6.85945797
12-06-2002,6.809295654
13-06-2002,6.786999226
14-06-2002,6.838835239
17-06-2002,6.958666801
18-06-2002,6.949193478
19-06-2002,6.839947701
20-06-2002,6.747983456
21-06-2002,6.919094086
24-06-2002,7.06400919
25-06-2002,6.994338989
26-06-2002,7.012731075
27-06-2002,7.139811516
28-06-2002,7.143712044
01-07-2002,7.450261116
02-07-2002,7.651469707
03-07-2002,7.461409092
04-07-2002,7.810873032
05-07-2002,8.010411263
08-07-2002,7.81533432
09-07-2002,7.885002136
10-07-2002,7.749563694
11-07-2002,7.808087826
12-07-2002,7.919789791
15-07-2002,7.969835758
16-07-2002,7.966992378
17-07-2002,7.933437824
18-07-2002,7.847557545
19-07-2002,7.667833328
22-07-2002,7.43578577
23-07-2002,7.395971775
24-07-2002,7.060981274
25-07-2002,7.054724216
26-07-2002,7.22023201
29-07-2002,7.212836742
30-07-2002,7.207719326
31-07-2002,7.153688908
01-08-2002,7.260612488
02-08-2002,7.630296707
05-08-2002,7.853814125
06-08-2002,7.69911623
07-08-2002,7.707646847
08-08-2002,7.457397461
09-08-2002,7.646222115
12-08-2002,7.572284698
13-08-2002,7.700251102
14-08-2002,7.844143391
15-08-2002,7.844143391
16-08-2002,7.949932098
19-08-2002,7.855520725
20-08-2002,7.865756989
21-08-2002,7.766228199
22-08-2002,7.728689194
23-08-2002,7.784995556
26-08-2002,7.678071976
27-08-2002,7.685464859
28-08-2002,7.747457981
29-08-2002,7.98633194
30-08-2002,7.956190586
02-09-2002,7.81741333
03-09-2002,7.725278378
04-09-2002,7.715608597
05-09-2002,7.788976669
06-09-2002,7.535315514
09-09-2002,7.472752571
10-09-2002,7.472752571
11-09-2002,7.53588438
12-09-2002,7.770774841
13-09-2002,7.787270546
16-09-2002,7.602996349
17-09-2002,7.597877026
18-09-2002,7.555788517
19-09-2002,7.473322868
20-09-2002,7.478442192
23-09-2002,7.489818096
24-09-2002,7.462518215
25-09-2002,7.462518215
26-09-2002,7.435216904
27-09-2002,7.444884777
30-09-2002,7.393698215
01-10-2002,7.390854836
02-10-2002,7.390854836
03-10-2002,7.367537498
04-10-2002,7.223644257
07-10-2002,7.312368393
08-10-2002,7.31293726
09-10-2002,7.384598255
10-10-2002,7.306112289
11-10-2002,7.287342548
14-10-2002,7.358436108
15-10-2002,7.358436108
16-10-2002,7.389147758
17-10-2002,7.399953365
18-10-2002,7.379481316
21-10-2002,7.294737816
22-10-2002,7.343080997
23-10-2002,7.366968155
24-10-2002,7.235018253
25-10-2002,7.271418571
28-10-2002,7.171885967
29-10-2002,7.052452564
30-10-2002,6.968844414
31-10-2002,6.985907078
01-11-2002,7.054724216
04-11-2002,7.084300518
05-11-2002,7.13719511
06-11-2002,7.13719511
07-11-2002,7.069514275
08-11-2002,6.992163181
11-11-2002,7.013775349
12-11-2002,6.973963261
13-11-2002,6.943820477
14-11-2002,6.95235157
15-11-2002,7.024580956
18-11-2002,7.117856026
19-11-2002,7.117856026
20-11-2002,7.105342865
21-11-2002,7.151412487
22-11-2002,7.209993839
25-11-2002,7.326016903
26-11-2002,7.221936703
27-11-2002,7.097950459
28-11-2002,7.303268433
29-11-2002,7.222503662
02-12-2002,7.395404816
03-12-2002,7.393698215
04-12-2002,7.366968155
05-12-2002,7.389147758
06-12-2002,7.482422352
09-12-2002,7.396543503
10-12-2002,7.513702869
11-12-2002,7.393698215
12-12-2002,7.467634678
13-12-2002,7.657597065
16-12-2002,7.7008214
17-12-2002,7.494366646
18-12-2002,7.712765217
19-12-2002,7.616078377
20-12-2002,7.610960007
23-12-2002,7.592757702
24-12-2002,7.533042431
25-12-2002,7.533042431
26-12-2002,7.527354717
27-12-2002,7.571716309
30-12-2002,7.537592888
31-12-2002,7.517685413
01-01-2003,7.49948597
02-01-2003,7.515412807
03-01-2003,7.688309193
06-01-2003,7.646222115
07-01-2003,7.712197304
08-01-2003,7.751439095
09-01-2003,7.702526569
10-01-2003,7.762245178
13-01-2003,7.759401321
14-01-2003,7.625177383
15-01-2003,7.753146648
16-01-2003,7.752007961
17-01-2003,7.715040207
20-01-2003,7.720726967
21-01-2003,7.505172729
22-01-2003,7.448867321
23-01-2003,7.43919754
24-01-2003,7.426118374
27-01-2003,7.307247639
28-01-2003,7.348768711
29-01-2003,7.183260918
30-01-2003,7.1502738
31-01-2003,7.265729904
03-02-2003,7.411330223
04-02-2003,7.376067162
05-02-2003,7.275968075
06-02-2003,7.306112289
07-02-2003,7.252649307
10-02-2003,7.173026085
11-02-2003,7.192362309
12-02-2003,7.16278553
13-02-2003,7.16278553
14-02-2003,7.159944057
17-02-2003,7.229899883
18-02-2003,7.278243065
19-02-2003,7.311227798
20-02-2003,7.235018253
21-02-2003,7.279379368
24-02-2003,7.206580162
25-02-2003,7.175868511
26-02-2003,7.265729904
27-02-2003,7.287913799
28-02-2003,7.402797222
03-03-2003,7.383459568
04-03-2003,7.318623543
05-03-2003,7.278243065
06-03-2003,7.223073483
07-03-2003,7.292462826
10-03-2003,7.290187836
11-03-2003,7.311227798
12-03-2003,7.288481236
13-03-2003,7.22023201
14-03-2003,7.22023201
17-03-2003,7.099656105
18-03-2003,7.099656105
19-03-2003,7.1343503
20-03-2003,7.120698452
21-03-2003,6.999557495
24-03-2003,6.95462656
25-03-2003,6.988750458
26-03-2003,7.130937099
27-03-2003,7.131504536
28-03-2003,7.177007198
31-03-2003,7.146292686
01-04-2003,7.119565487
02-04-2003,7.121269226
03-04-2003,7.191796303
04-04-2003,7.248668194
07-04-2003,7.480717659
08-04-2003,7.523941994
09-04-2003,7.487538815
10-04-2003,7.661010265
11-04-2003,7.675798416
15-04-2003,7.669539928
16-04-2003,7.805469513
17-04-2003,7.773619652
18-04-2003,7.773619652
21-04-2003,7.679776192
22-04-2003,7.568301201
23-04-2003,7.562045574
24-04-2003,7.542708874
25-04-2003,7.566029072
28-04-2003,7.732099533
29-04-2003,7.774759769
30-04-2003,7.768501759
01-05-2003,7.768501759
02-05-2003,7.740633011
05-05-2003,7.730395794
06-05-2003,7.749165058
07-05-2003,7.689447403
08-05-2003,7.528491974
09-05-2003,7.552378654
12-05-2003,7.693428516
13-05-2003,7.630865574
14-05-2003,7.601860046
15-05-2003,7.648497105
16-05-2003,7.960738659
19-05-2003,7.996570587
20-05-2003,7.972680092
21-05-2003,8.035243034
22-05-2003,7.892490864
23-05-2003,7.733808041
26-05-2003,7.827651024
27-05-2003,7.913532257
28-05-2003,7.866326332
29-05-2003,7.831632137
30-05-2003,7.895902157
02-06-2003,7.993727207
03-06-2003,7.776463509
04-06-2003,7.732099533
05-06-2003,7.853814125
06-06-2003,8.033535957
09-06-2003,8.116575241
10-06-2003,8.028986931
11-06-2003,7.969835758
12-06-2003,8.11714077
13-06-2003,8.087568283
16-06-2003,8.041500092
17-06-2003,8.125104904
18-06-2003,8.29402256
19-06-2003,8.349190712
20-06-2003,8.46009922
23-06-2003,8.495360374
24-06-2003,8.332131386
25-06-2003,8.450428009
26-06-2003,8.737075806
27-06-2003,8.659729004
30-06-2003,8.729114532
01-07-2003,8.572709084
02-07-2003,8.640957832
03-07-2003,8.612520218
04-07-2003,8.768357277
07-07-2003,8.712050438
08-07-2003,8.816700935
09-07-2003,8.776887894
10-07-2003,8.688734055
11-07-2003,8.614797592
14-07-2003,8.776548386
15-07-2003,8.558790207
16-07-2003,8.764355659
17-07-2003,8.744029999
18-07-2003,8.651120186
21-07-2003,8.439748764
22-07-2003,8.39097023
23-07-2003,8.432781219
24-07-2003,8.631379128
25-07-2003,8.543109894
28-07-2003,8.598858833
29-07-2003,8.583180428
30-07-2003,8.432781219
31-07-2003,8.332902908
01-08-2003,8.364839554
04-08-2003,8.469944954
05-08-2003,8.498398781
06-08-2003,8.500142097
07-08-2003,8.5750494
08-08-2003,8.846233368
11-08-2003,8.923463821
12-08-2003,8.966435432
13-08-2003,8.950756073
14-08-2003,8.859005928
15-08-2003,8.859005928
18-08-2003,8.949594498
19-08-2003,8.923463821
20-08-2003,8.870619774
21-08-2003,9.111605644
22-08-2003,9.387433052
25-08-2003,8.987339973
26-08-2003,9.213807106
27-08-2003,9.401371956
28-08-2003,9.488477707
29-08-2003,9.665587425
01-09-2003,9.935605049
02-09-2003,9.870568275
03-09-2003,9.677200317
04-09-2003,9.4083395
05-09-2003,9.712619781
08-09-2003,9.885665894
09-09-2003,9.601709366
10-09-2003,9.761978149
11-09-2003,9.52099514
12-09-2003,9.343885422
15-09-2003,9.210325241
16-09-2003,9.256779671
17-09-2003,9.099993706
18-09-2003,8.991985321
19-09-2003,9.23181057
22-09-2003,9.061668396
23-09-2003,9.174902916
24-09-2003,9.526800156
25-09-2003,9.425180435
26-09-2003,9.531447411
29-09-2003,9.451891899
30-09-2003,9.301491737
01-10-2003,9.412986755
02-10-2003,9.412986755
03-10-2003,9.404273987
06-10-2003,9.74339962
07-10-2003,9.735848427
08-10-2003,9.793337822
09-10-2003,10.20562744
10-10-2003,10.3264122
13-10-2003,10.49829388
14-10-2003,10.18472481
15-10-2003,10.25788975
16-10-2003,10.40771008
17-10-2003,10.28750515
20-10-2003,10.17659378
21-10-2003,10.13420105
22-10-2003,10.17310715
23-10-2003,9.850245476
24-10-2003,9.963481903
27-10-2003,10.04942131
28-10-2003,10.08774757
29-10-2003,10.02270985
30-10-2003,9.992512703
31-10-2003,10.0662632
03-11-2003,10.29679394
04-11-2003,10.45474339
05-11-2003,10.32234764
06-11-2003,10.18704319
07-11-2003,10.0320015
10-11-2003,10.01341915
11-11-2003,10.0500021
12-11-2003,9.881601334
13-11-2003,9.915281296
14-11-2003,9.929796219
17-11-2003,9.982063293
18-11-2003,10.0320015
19-11-2003,10.09878063
20-11-2003,10.00064468
21-11-2003,10.14175224
24-11-2003,9.985545158
25-11-2003,9.93386364
26-11-2003,9.93386364
27-11-2003,9.932703018
28-11-2003,9.958254814
01-12-2003,10.125494
02-12-2003,10.18297958
03-12-2003,10.16498089
04-12-2003,10.45067883
05-12-2003,10.57669163
08-12-2003,10.60398102
09-12-2003,11.02846432
10-12-2003,11.36003971
11-12-2003,11.30197239
12-12-2003,11.22880363
15-12-2003,11.5528307
16-12-2003,11.98486519
17-12-2003,11.76129627
18-12-2003,11.47036934
19-12-2003,11.47792053
22-12-2003,11.45933533
23-12-2003,11.32868195
24-12-2003,11.34552097
25-12-2003,11.34552097
26-12-2003,11.32403851
29-12-2003,11.55573082
30-12-2003,11.42623806
31-12-2003,11.4221735
01-01-2004,11.55340958
02-01-2004,11.87975693
05-01-2004,12.32282352
06-01-2004,12.00634575
07-01-2004,11.90530872
08-01-2004,12.50458145
09-01-2004,12.6091032
12-01-2004,12.93719387
13-01-2004,12.78795815
14-01-2004,13.16772747
15-01-2004,13.18863106
16-01-2004,13.02138901
19-01-2004,13.24031544
20-01-2004,13.02023125
21-01-2004,12.84544468
22-01-2004,12.53884029
23-01-2004,11.94828033
26-01-2004,11.94828033
27-01-2004,12.23571777
28-01-2004,11.81820488
29-01-2004,11.94711304
30-01-2004,11.90298653
02-02-2004,11.90298653
03-02-2004,11.74039364
04-02-2004,11.63121986
05-02-2004,11.3217144
06-02-2004,11.49882603
09-02-2004,11.56386185
10-02-2004,11.66954803
11-02-2004,11.72354984
12-02-2004,11.72703934
13-02-2004,12.29843521
16-02-2004,12.43489456
17-02-2004,12.54580879
18-02-2004,12.5382576
19-02-2004,12.52838612
20-02-2004,12.67182064
23-02-2004,12.65614033
24-02-2004,12.91803265
25-02-2004,12.49586773
26-02-2004,12.6782093
27-02-2004,12.78098774
01-03-2004,13.24496078
02-03-2004,13.24496078
03-03-2004,13.64273167
04-03-2004,13.52659416
05-03-2004,13.54866028
08-03-2004,13.65957355
09-03-2004,13.57363129
10-03-2004,13.60498428
11-03-2004,13.33438683
12-03-2004,13.17469501
15-03-2004,12.78853703
16-03-2004,12.49761009
17-03-2004,12.67704105
18-03-2004,12.61432934
19-03-2004,12.42851353
22-03-2004,12.4546423
23-03-2004,12.53070831
24-03-2004,12.39308643
25-03-2004,12.41515446
26-03-2004,12.44128609
29-03-2004,12.39308643
30-03-2004,12.19971657
31-03-2004,12.11435509
01-04-2004,12.57542324
02-04-2004,12.620718
05-04-2004,12.65846729
06-04-2004,12.59458542
07-04-2004,12.68575382
08-04-2004,12.65904617
09-04-2004,12.65904617
12-04-2004,12.49296856
13-04-2004,12.61200905
14-04-2004,12.61200905
15-04-2004,12.63233185
16-04-2004,12.62188053
19-04-2004,12.62188053
20-04-2004,12.4970293
21-04-2004,12.53303146
22-04-2004,12.54580879
23-04-2004,12.55045605
27-04-2004,12.27869034
28-04-2004,12.28681755
29-04-2004,12.38205528
30-04-2004,12.50341797
03-05-2004,12.46102715
04-05-2004,12.33850002
05-05-2004,12.27462864
06-05-2004,12.15848923
07-05-2004,11.96047306
10-05-2004,11.60741043
11-05-2004,10.85483837
12-05-2004,10.83799744
13-05-2004,11.06156635
14-05-2004,10.64637089
17-05-2004,9.607515335
18-05-2004,10.5203619
19-05-2004,10.44080734
20-05-2004,10.31073666
21-05-2004,10.42106247
24-05-2004,10.67424583
25-05-2004,10.73173237
26-05-2004,10.33454037
27-05-2004,10.6277895
28-05-2004,10.22537136
31-05-2004,10.19691753
01-06-2004,10.48667908
02-06-2004,10.46461391
03-06-2004,10.18820858
04-06-2004,10.17485428
07-06-2004,10.33396149
08-06-2004,10.38215733
09-06-2004,10.37112617
10-06-2004,10.4175806
11-06-2004,10.33164024
14-06-2004,10.18879032
15-06-2004,10.26079273
16-06-2004,10.27705002
17-06-2004,10.35544395
18-06-2004,10.06800365
21-06-2004,9.968708038
22-06-2004,9.995416641
23-06-2004,9.838633537
24-06-2004,9.997741699
25-06-2004,10.07032871
28-06-2004,10.11852455
29-06-2004,10.18356133
30-06-2004,10.30027962
01-07-2004,10.29853916
02-07-2004,10.55752468
05-07-2004,10.63591957
06-07-2004,10.89142227
07-07-2004,11.21196461
08-07-2004,11.36526394
09-07-2004,12.21133041
12-07-2004,12.23920441
13-07-2004,12.13293648
14-07-2004,11.70090771
15-07-2004,11.54644012
16-07-2004,11.89834023
19-07-2004,12.04557323
20-07-2004,11.80374527
21-07-2004,11.77470207
22-07-2004,11.6745348
23-07-2004,11.87013245
26-07-2004,12.47172642
27-07-2004,12.45868683
28-07-2004,12.27317047
29-07-2004,12.40830898
30-07-2004,12.30102539
02-08-2004,12.25183296
03-08-2004,12.00586033
04-08-2004,12.29213524
05-08-2004,12.40711975
06-08-2004,12.40119457
09-08-2004,12.416605
10-08-2004,12.32888317
11-08-2004,12.40000916
12-08-2004,12.34133148
13-08-2004,12.08172607
16-08-2004,12.29628468
17-08-2004,12.07579422
18-08-2004,11.92465687
19-08-2004,12.25539207
20-08-2004,12.14870071
23-08-2004,12.04734802
24-08-2004,12.20204639
25-08-2004,12.25657463
26-08-2004,12.36919117
27-08-2004,12.14099693
30-08-2004,12.34014511
31-08-2004,12.40889931
01-09-2004,12.41542149
02-09-2004,12.3116951
03-09-2004,12.31228924
06-09-2004,12.27257729
07-09-2004,12.3549614
08-09-2004,12.36148453
09-09-2004,12.80067921
10-09-2004,13.10770226
13-09-2004,13.07569599
14-09-2004,12.8800993
15-09-2004,12.93048286
16-09-2004,13.54156208
17-09-2004,13.92800903
20-09-2004,14.03054237
21-09-2004,13.96356869
22-09-2004,13.82369041
23-09-2004,13.75374985
24-09-2004,13.65892029
27-09-2004,13.5006609
28-09-2004,13.37263966
29-09-2004,13.4864378
30-09-2004,13.47991848
01-10-2004,13.37797546
04-10-2004,13.58186531
05-10-2004,13.5860157
06-10-2004,13.3536768
07-10-2004,13.28669834
08-10-2004,13.24520683
11-10-2004,13.16104412
12-10-2004,13.11540127
14-10-2004,13.25232124
15-10-2004,13.25232124
18-10-2004,13.07806396
19-10-2004,13.0282793
20-10-2004,12.92811489
21-10-2004,12.85580158
22-10-2004,12.85580158
25-10-2004,12.80245686
26-10-2004,12.90618134
27-10-2004,12.86824608
28-10-2004,12.876544
29-10-2004,12.89373302
01-11-2004,12.87417412
02-11-2004,13.3418169
03-11-2004,13.46806622
04-11-2004,13.28136253
05-11-2004,13.3750124
08-11-2004,13.33826256
09-11-2004,13.3803463
10-11-2004,13.54867458
11-11-2004,13.61209393
12-11-2004,13.609128
15-11-2004,13.609128
16-11-2004,13.62928104
17-11-2004,13.48821449
18-11-2004,13.3874588
19-11-2004,13.54511833
22-11-2004,13.62276268
23-11-2004,14.12715435
24-11-2004,14.86803818
25-11-2004,15.09801006
26-11-2004,15.09801006
29-11-2004,15.30486202
30-11-2004,15.27759933
01-12-2004,15.28767681
02-12-2004,15.23670101
03-12-2004,15.18158054
06-12-2004,15.00376797
07-12-2004,15.1193428
08-12-2004,15.01147366
09-12-2004,15.14186954
10-12-2004,15.01799583
13-12-2004,15.0132494
14-12-2004,15.15550137
15-12-2004,15.17031765
16-12-2004,15.10927486
17-12-2004,14.88226128
20-12-2004,15.01265717
21-12-2004,15.55142975
22-12-2004,15.47911644
23-12-2004,15.41036415
24-12-2004,15.39672947
27-12-2004,15.52653503
28-12-2004,15.64448452
29-12-2004,15.6723423
30-12-2004,15.34279728
31-12-2004,15.53779697
03-01-2005,15.56624985
04-01-2005,15.58224773
05-01-2005,15.37243176
06-01-2005,15.13416386
07-01-2005,15.41273022
10-01-2005,15.10749054
11-01-2005,15.07134056
12-01-2005,15.06718349
13-01-2005,14.75186729
14-01-2005,14.85321999
17-01-2005,14.7323103
18-01-2005,14.81825352
19-01-2005,14.70385742
20-01-2005,16.34505844
24-01-2005,15.9645443
25-01-2005,16.11153603
27-01-2005,16.41085243
28-01-2005,16.58748055
31-01-2005,16.13939476
01-02-2005,16.00366211
02-02-2005,15.7114563
03-02-2005,15.76124573
04-02-2005,15.90586662
07-02-2005,15.79206944
08-02-2005,15.65278339
09-02-2005,15.73457336
10-02-2005,15.77428436
11-02-2005,15.81340408
14-02-2005,15.63499832
15-02-2005,15.56209564
16-02-2005,15.47377872
17-02-2005,15.39672947
18-02-2005,15.1738739
21-02-2005,14.98479939
22-02-2005,15.21714211
23-02-2005,15.23492241
24-02-2005,15.34516716
25-02-2005,15.26693058
28-02-2005,15.34042645
01-03-2005,15.86852741
02-03-2005,15.89579296
03-03-2005,15.96632099
04-03-2005,16.27513123
07-03-2005,16.19392395
08-03-2005,16.28757095
09-03-2005,16.27513123
10-03-2005,16.37232971
11-03-2005,15.95090866
14-03-2005,15.81873226
15-03-2005,15.87860203
16-03-2005,15.82763004
17-03-2005,15.81577873
18-03-2005,15.54253769
21-03-2005,15.36946869
22-03-2005,15.13000965
23-03-2005,15.2206955
24-03-2005,15.66997147
28-03-2005,15.5721693
29-03-2005,15.11519527
30-03-2005,15.19461823
31-03-2005,15.9088316
01-04-2005,16.03448677
04-04-2005,15.99417973
05-04-2005,16.01077652
06-04-2005,16.24726486
07-04-2005,16.30357361
08-04-2005,16.59814644
11-04-2005,16.57266235
12-04-2005,16.64616394
13-04-2005,16.80263138
15-04-2005,16.32135773
18-04-2005,16.34920883
19-04-2005,16.3006115
20-04-2005,16.26919365
21-04-2005,16.58511162
22-04-2005,16.51991272
25-04-2005,16.41500282
26-04-2005,16.37351227
27-04-2005,16.61592865
28-04-2005,17.19203949
29-04-2005,17.04268265
02-05-2005,16.70187759
03-05-2005,16.75817871
04-05-2005,16.90872955
05-05-2005,16.78781509
06-05-2005,17.08179474
09-05-2005,17.57966805
10-05-2005,17.44986725
11-05-2005,17.49965477
12-05-2005,17.3900032
13-05-2005,17.54470634
16-05-2005,17.63004875
17-05-2005,17.52988243
18-05-2005,17.60930634
19-05-2005,17.76637459
20-05-2005,17.75333023
23-05-2005,17.68457985
24-05-2005,17.81141663
25-05-2005,17.97085953
26-05-2005,18.15637398
27-05-2005,18.61927414
30-05-2005,18.46220589
31-05-2005,18.95771027
01-06-2005,18.866436
02-06-2005,18.50310707
03-06-2005,18.75974655
06-06-2005,18.74611282
07-06-2005,18.37686157
08-06-2005,18.74019051
09-06-2005,18.67914009
10-06-2005,18.52030182
13-06-2005,18.63646889
14-06-2005,18.61809349
15-06-2005,18.54400444
16-06-2005,18.36500549
17-06-2005,18.32826042
20-06-2005,18.20082664
21-06-2005,18.26424599
22-06-2005,18.66728783
23-06-2005,18.6500988
24-06-2005,19.00157356
27-06-2005,19.40342903
28-06-2005,18.87769699
29-06-2005,19.14204025
30-06-2005,19.70274544
01-07-2005,19.80290985
04-07-2005,19.95227623
05-07-2005,19.83550644
06-07-2005,19.87107086
07-07-2005,19.92500687
08-07-2005,20.12534523
11-07-2005,20.21899033
12-07-2005,20.67596626
13-07-2005,20.4940033
14-07-2005,20.92193985
15-07-2005,20.95335388
18-07-2005,20.99373245
19-07-2005,20.50835419
20-07-2005,20.20287704
21-07-2005,19.74466705
22-07-2005,19.85091972
25-07-2005,20.11292648
26-07-2005,20.44857788
27-07-2005,20.43651009
28-07-2005,20.87419319
29-07-2005,20.31879044
01-08-2005,20.07790947
02-08-2005,20.17812157
03-08-2005,20.74983215
04-08-2005,20.96113014
05-08-2005,21.00761414
08-08-2005,20.80959892
09-08-2005,20.5252552
10-08-2005,20.96897888
11-08-2005,20.84401131
12-08-2005,20.4346981
16-08-2005,20.53129005
17-08-2005,20.64539337
18-08-2005,20.46307373
19-08-2005,20.33810234
22-08-2005,20.40752792
23-08-2005,20.44738388
24-08-2005,20.48782158
25-08-2005,20.62607384
26-08-2005,20.72628403
29-08-2005,20.55302811
30-08-2005,20.63512993
31-08-2005,20.90800476
01-09-2005,20.90920448
02-09-2005,20.9134388
05-09-2005,21.6421032
06-09-2005,22.06107903
08-09-2005,21.96990776
09-09-2005,22.0888443
12-09-2005,22.57784081
13-09-2005,22.88512993
14-09-2005,22.41665459
15-09-2005,22.70220757
16-09-2005,22.67624283
19-09-2005,23.42483711
20-09-2005,23.29806137
21-09-2005,25.39169312
22-09-2005,24.7487545
23-09-2005,24.91175079
26-09-2005,25.9259758
27-09-2005,25.68146896
28-09-2005,25.48225021
29-09-2005,25.06570053
30-09-2005,24.76686096
03-10-2005,24.79403305
04-10-2005,24.80307961
05-10-2005,23.81603432
06-10-2005,23.12781715
07-10-2005,22.89237213
10-10-2005,23.3270359
11-10-2005,23.11875916
13-10-2005,23.24554253
14-10-2005,22.67503738
17-10-2005,22.46676254
18-10-2005,22.55731392
19-10-2005,21.77853966
20-10-2005,21.0993824
21-10-2005,21.96870422
24-10-2005,21.21710014
25-10-2005,21.39821243
26-10-2005,21.09031868
27-10-2005,20.95449066
28-10-2005,20.90920448
31-10-2005,21.76948738
02-11-2005,22.67503738
04-11-2005,22.67503738
07-11-2005,22.84708977
08-11-2005,22.93764687
09-11-2005,23.31797218
10-11-2005,23.10970688
11-11-2005,23.56247711
14-11-2005,23.2364769
16-11-2005,23.64397812
17-11-2005,23.58059311
18-11-2005,23.68925667
21-11-2005,22.95575714
22-11-2005,22.65692711
23-11-2005,23.43569756
24-11-2005,24.44086075
25-11-2005,24.75780487
28-11-2005,25.21964073
29-11-2005,24.79403305
30-11-2005,24.35936546
01-12-2005,24.59481049
02-12-2005,24.90269852
05-12-2005,24.30502892
06-12-2005,24.18731308
07-12-2005,24.54953194
08-12-2005,24.50425339
09-12-2005,24.78497887
12-12-2005,25.0747509
13-12-2005,25.6633625
14-12-2005,26.09802246
15-12-2005,25.41886711
16-12-2005,25.55469894
19-12-2005,26.22480583
20-12-2005,25.98031235
21-12-2005,25.65430641
22-12-2005,25.72674561
23-12-2005,25.2377491
26-12-2005,24.91175079
27-12-2005,25.5728054
28-12-2005,25.0747509
29-12-2005,25.2468071
30-12-2005,25.7358036
02-01-2006,25.37358284
03-01-2006,25.91691399
04-01-2006,26.61420059
05-01-2006,26.33346939
06-01-2006,26.3425293
09-01-2006,26.32441521
10-01-2006,25.87164116
12-01-2006,26.18858337
13-01-2006,26.35157585
16-01-2006,26.11613846
17-01-2006,25.79919434
18-01-2006,25.59997177
19-01-2006,25.91691399
20-01-2006,26.63230896
23-01-2006,27.51068878
24-01-2006,28.01779938
25-01-2006,28.57018471
27-01-2006,28.15363693
30-01-2006,28.11740875
31-01-2006,28.03590775
01-02-2006,28.08119011
02-02-2006,28.19890213
03-02-2006,27.61030388
06-02-2006,28.38002396
07-02-2006,29.14068413
08-02-2006,28.8327961
10-02-2006,29.53911972
13-02-2006,29.52102089
14-02-2006,29.62062645
15-02-2006,30.94272804
16-02-2006,30.11867905
17-02-2006,29.30368042
20-02-2006,29.4938488
21-02-2006,29.74740219
22-02-2006,29.62968826
23-02-2006,30.0643425
24-02-2006,29.61157417
27-02-2006,30.08246422
28-02-2006,31.23250961
01-03-2006,31.4860611
02-03-2006,32.00223541
03-03-2006,31.55850983
06-03-2006,32.31011963
07-03-2006,32.21050262
08-03-2006,31.4860611
09-03-2006,31.35928535
10-03-2006,32.2376709
13-03-2006,31.71244621
14-03-2006,31.85734749
16-03-2006,31.44078445
17-03-2006,31.79395103
20-03-2006,32.0927887
21-03-2006,32.3372879
22-03-2006,32.03844833
23-03-2006,32.40068054
24-03-2006,33.60506058
27-03-2006,34.94527054
28-03-2006,34.95433807
29-03-2006,34.99055099
30-03-2006,36.33077621
31-03-2006,35.34371567
03-04-2006,36.08626938
04-04-2006,36.95559692
05-04-2006,37.30876923
07-04-2006,36.15871429
10-04-2006,36.05910873
12-04-2006,34.80944443
13-04-2006,34.20271683
17-04-2006,34.94527054
18-04-2006,35.82366562
19-04-2006,35.92327499
20-04-2006,36.33077621
21-04-2006,36.29454803
24-04-2006,36.85598755
25-04-2006,35.73310471
26-04-2006,36.50283051
27-04-2006,36.72921753
28-04-2006,36.3850975
02-05-2006,37.58042526
03-05-2006,37.83398438
04-05-2006,37.9245491
05-05-2006,37.752491
08-05-2006,37.63476944
09-05-2006,37.37216187
10-05-2006,37.13671112
11-05-2006,36.90126801
12-05-2006,36.49376297
15-05-2006,34.59210587
16-05-2006,35.28033066
17-05-2006,37.00087738
18-05-2006,34.61927795
19-05-2006,32.58177567
22-05-2006,31.06950378
23-05-2006,32.2376709
24-05-2006,31.53134727
25-05-2006,32.85344696
26-05-2006,33.17945099
29-05-2006,32.22861099
30-05-2006,31.96601295
31-05-2006,29.95567894
01-06-2006,29.00484657
02-06-2006,29.77457047
05-06-2006,28.98674393
06-06-2006,27.62841797
07-06-2006,27.49258232
08-06-2006,26.7409687
09-06-2006,29.0682373
12-06-2006,27.96346283
13-06-2006,26.48741913
14-06-2006,26.68663406
15-06-2006,28.18079948
16-06-2006,29.55723763
19-06-2006,29.80173683
20-06-2006,29.27651787
21-06-2006,30.56241035
22-06-2006,30.94272804
23-06-2006,30.93367958
26-06-2006,30.11867905
27-06-2006,31.86639214
28-06-2006,32.06561661
29-06-2006,31.83921814
30-06-2006,33.03456116
03-07-2006,33.50544739
04-07-2006,32.40068054
05-07-2006,33.44205856
06-07-2006,32.88061905
07-07-2006,31.71244621
10-07-2006,32.21883011
11-07-2006,32.38444901
12-07-2006,33.38726044
13-07-2006,33.33205414
14-07-2006,32.48564911
17-07-2006,31.66682816
18-07-2006,31.21602058
19-07-2006,30.82042885
20-07-2006,32.2096405
21-07-2006,30.78363037
24-07-2006,30.24081039
25-07-2006,30.19481277
26-07-2006,30.91241264
27-07-2006,30.7192173
28-07-2006,30.27761459
31-07-2006,30.80201912
01-08-2006,31.14242935
02-08-2006,31.90604019
03-08-2006,31.63923073
04-08-2006,30.94922447
07-08-2006,30.98602295
08-08-2006,31.69443321
09-08-2006,32.89963531
10-08-2006,32.43964005
11-08-2006,32.24645233
14-08-2006,32.85364532
16-08-2006,33.2860527
17-08-2006,33.32285309
18-08-2006,33.07445526
21-08-2006,33.25845337
22-08-2006,33.47006226
23-08-2006,32.89963531
24-08-2006,33.1296463
25-08-2006,33.14805222
28-08-2006,33.13885498
29-08-2006,33.97606277
30-08-2006,34.47286606
31-08-2006,35.23648453
01-09-2006,34.8776741
04-09-2006,34.98807144
05-09-2006,34.53726959
06-09-2006,34.79487991
07-09-2006,34.21526337
08-09-2006,34.58327103
11-09-2006,33.50685501
12-09-2006,33.42405701
13-09-2006,33.64485931
14-09-2006,33.69085693
15-09-2006,33.57125092
18-09-2006,34.4544754
19-09-2006,33.87486267
20-09-2006,34.46366501
21-09-2006,35.08008575
22-09-2006,34.59246826
25-09-2006,33.93925858
26-09-2006,33.81045532
27-09-2006,34.1600647
28-09-2006,33.91167068
29-09-2006,34.53726959
03-10-2006,34.56486893
04-10-2006,34.04965591
05-10-2006,34.44527435
06-10-2006,33.95765686
09-10-2006,33.99446487
10-10-2006,34.05886078
11-10-2006,34.13247299
12-10-2006,34.23366928
13-10-2006,34.73047256
16-10-2006,35.81608582
17-10-2006,35.65048981
18-10-2006,35.8068924
19-10-2006,35.08008575
20-10-2006,34.28886795
23-10-2006,34.03126526
26-10-2006,33.87486267
27-10-2006,34.53726959
30-10-2006,34.49126816
31-10-2006,34.96046829
01-11-2006,35.10768127
02-11-2006,34.68447495
03-11-2006,34.47286606
06-11-2006,35.19047546
07-11-2006,34.75807571
08-11-2006,34.12326431
09-11-2006,34.41766739
10-11-2006,34.22446823
13-11-2006,34.13247299
14-11-2006,33.87486267
15-11-2006,34.1784668
16-11-2006,34.12326431
17-11-2006,33.44245148
20-11-2006,32.79844284
21-11-2006,33.82885742
22-11-2006,33.36885071
23-11-2006,32.97325134
24-11-2006,33.0468483
27-11-2006,33.2860527
28-11-2006,33.0468483
29-11-2006,33.89326096
30-11-2006,34.05886078
01-12-2006,34.54646683
04-12-2006,34.84087372
05-12-2006,35.02487946
06-12-2006,34.64768219
07-12-2006,34.37166977
08-12-2006,34.05886078
11-12-2006,33.11125565
12-12-2006,31.90604019
13-12-2006,31.9152317
14-12-2006,32.5316391
15-12-2006,32.13603973
18-12-2006,32.02563858
19-12-2006,30.98602295
20-12-2006,31.3540287
21-12-2006,31.41843224
22-12-2006,31.20683098
26-12-2006,32.11763382
27-12-2006,32.55924606
28-12-2006,32.73404694
29-12-2006,32.40283966
02-01-2007,32.56845093
03-01-2007,32.28324127
04-01-2007,31.08723068
05-01-2007,30.41561699
08-01-2007,29.9372139
09-01-2007,29.81759644
10-01-2007,30.02000618
11-01-2007,31.13322067
12-01-2007,31.48283005
15-01-2007,31.64843369
16-01-2007,31.58402252
17-01-2007,31.18842888
18-01-2007,31.68523026
19-01-2007,32.31084442
22-01-2007,32.92724991
23-01-2007,32.6144371
24-01-2007,32.79844284
25-01-2007,32.7248497
29-01-2007,31.59322929
31-01-2007,32.12683487
01-02-2007,32.17284393
02-02-2007,32.59604645
05-02-2007,32.67884445
06-02-2007,32.2096405
07-02-2007,32.32924271
08-02-2007,32.46724701
09-02-2007,32.45804596
12-02-2007,32.26483536
13-02-2007,31.86922836
14-02-2007,32.00723648
15-02-2007,32.06243515
19-02-2007,32.09004974
20-02-2007,32.35684967
21-02-2007,32.09923935
22-02-2007,32.09923935
23-02-2007,30.73761559
26-02-2007,31.33562851
27-02-2007,30.39721298
28-02-2007,31.59322929
01-03-2007,31.74042702
02-03-2007,30.67321968
05-03-2007,29.83600807
06-03-2007,29.81759644
07-03-2007,29.10919952
08-03-2007,29.43120384
09-03-2007,28.36398888
12-03-2007,27.34276962
13-03-2007,27.40717506
14-03-2007,26.29395866
15-03-2007,27.10357475
16-03-2007,26.68956947
19-03-2007,26.12836266
20-03-2007,25.91675186
21-03-2007,26.60676003
22-03-2007,27.48077583
23-03-2007,26.5239563
26-03-2007,26.17435646
28-03-2007,26.37676239
29-03-2007,27.03917503
30-03-2007,27.81197929
02-04-2007,27.01156807
03-04-2007,27.50838089
04-04-2007,27.29677582
05-04-2007,27.26916695
09-04-2007,28.57559204
10-04-2007,29.41279793
11-04-2007,29.53239441
12-04-2007,28.75039101
13-04-2007,28.23518753
16-04-2007,29.16439819
17-04-2007,28.71359634
18-04-2007,28.86998367
19-04-2007,29.27480125
20-04-2007,29.51399994
23-04-2007,28.75959396
24-04-2007,28.78719139
25-04-2007,29.77160645
26-04-2007,29.7256031
27-04-2007,29.56000519
30-04-2007,29.44960785
03-05-2007,29.77160645
04-05-2007,29.63360405
07-05-2007,29.62440109
08-05-2007,29.44040108
09-05-2007,29.56920242
10-05-2007,30.12121201
11-05-2007,29.83600807
14-05-2007,29.81759644
15-05-2007,29.8083992
16-05-2007,30.06600189
17-05-2007,30.37881088
18-05-2007,30.74681664
21-05-2007,31.43681908
22-05-2007,31.409235
23-05-2007,30.59041786
24-05-2007,30.56281853
25-05-2007,30.69161797
28-05-2007,30.61802101
29-05-2007,30.36040688
30-05-2007,29.86360168
31-05-2007,30.13961601
01-06-2007,29.63360405
04-06-2007,30.34201813
05-06-2007,29.78080559
06-06-2007,29.0447979
07-06-2007,28.50198174
08-06-2007,27.71077538
11-06-2007,28.31798363
12-06-2007,28.30879211
13-06-2007,27.97757339
14-06-2007,27.89477921
15-06-2007,28.04197502
18-06-2007,28.15238571
19-06-2007,28.16158676
20-06-2007,28.52959251
21-06-2007,28.40998459
22-06-2007,28.33638382
25-06-2007,28.36398888
26-06-2007,28.36398888
27-06-2007,28.26278496
28-06-2007,28.5388031
29-06-2007,28.46518898
02-07-2007,28.33638382
03-07-2007,28.76879311
04-07-2007,29.06319427
05-07-2007,28.63998604
06-07-2007,28.61239243
09-07-2007,28.63998604
10-07-2007,28.28118896
11-07-2007,28.06958771
12-07-2007,28.1339817
13-07-2007,28.58478737
16-07-2007,28.98301125
17-07-2007,29.25546646
18-07-2007,28.95483208
19-07-2007,28.92664909
20-07-2007,29.01119614
23-07-2007,28.86088562
24-07-2007,28.59782791
25-07-2007,31.17201424
26-07-2007,31.5102253
27-07-2007,32.39333725
30-07-2007,31.46324348
31-07-2007,32.13028717
01-08-2007,31.38808632
02-08-2007,31.52901459
03-08-2007,31.89540672
06-08-2007,32.42152405
07-08-2007,31.36929893
08-08-2007,31.45385361
09-08-2007,30.80561066
10-08-2007,30.70226097
13-08-2007,30.96531868
14-08-2007,31.00290108
16-08-2007,29.61246681
17-08-2007,28.85149002
20-08-2007,29.36820412
21-08-2007,28.59782791
22-08-2007,29.73459816
23-08-2007,30.13857651
24-08-2007,30.37345505
27-08-2007,31.02169609
28-08-2007,31.46324348
29-08-2007,31.66993713
30-08-2007,32.24301147
31-08-2007,32.09270096
03-09-2007,32.65638733
04-09-2007,32.45909882
05-09-2007,32.32756805
06-09-2007,32.87247467
07-09-2007,33.40796661
10-09-2007,34.70446014
11-09-2007,34.5447464
12-09-2007,33.80256271
13-09-2007,33.63345718
14-09-2007,33.99984741
17-09-2007,33.9810524
18-09-2007,33.86832428
19-09-2007,35.20238876
20-09-2007,36.47068787
21-09-2007,35.86941147
24-09-2007,35.25875092
25-09-2007,35.16480637
26-09-2007,34.67627335
27-09-2007,34.84537888
28-09-2007,35.66273499
01-10-2007,34.92993927
03-10-2007,35.21178436
04-10-2007,34.84537888
05-10-2007,33.58647919
08-10-2007,33.47373962
09-10-2007,34.74203873
10-10-2007,34.59172821
11-10-2007,35.61575699
12-10-2007,34.83598709
15-10-2007,35.16480637
16-10-2007,34.97690582
17-10-2007,34.66688156
18-10-2007,34.43201447
19-10-2007,33.09794998
22-10-2007,33.32342529
23-10-2007,34.81719971
24-10-2007,34.62930679
25-10-2007,34.36624527
26-10-2007,33.86832428
29-10-2007,34.30987549
30-10-2007,33.73679352
31-10-2007,33.6146698
01-11-2007,32.26180267
02-11-2007,32.90065384
05-11-2007,32.16785431
06-11-2007,32.64699554
07-11-2007,32.07391357
08-11-2007,31.9799614
12-11-2007,33.59586334
13-11-2007,33.4361496
14-11-2007,34.32866287
15-11-2007,35.59697342
16-11-2007,38.53754807
19-11-2007,37.35380173
20-11-2007,36.94982529
21-11-2007,34.83598709
22-11-2007,34.77961731
23-11-2007,34.69506073
26-11-2007,35.26815033
27-11-2007,34.93932343
28-11-2007,35.15542221
29-11-2007,34.90175629
30-11-2007,35.39028549
03-12-2007,36.01034546
04-12-2007,36.12308884
05-12-2007,36.20763779
06-12-2007,36.28278351
07-12-2007,35.35269547
10-12-2007,35.08024979
11-12-2007,35.23056793
12-12-2007,35.62514877
13-12-2007,36.89344788
14-12-2007,37.71080017
17-12-2007,36.35794067
18-12-2007,37.11893082
19-12-2007,37.52290726
20-12-2007,36.92163467
24-12-2007,37.21287918
26-12-2007,37.55108261
27-12-2007,38.24630356
28-12-2007,38.80999374
31-12-2007,39.35489273
01-01-2008,40.88625336
02-01-2008,41.54388046
03-01-2008,40.29438019
04-01-2008,41.21507263
07-01-2008,43.46042633
08-01-2008,43.40406418
09-01-2008,42.84977722
10-01-2008,41.29962158
11-01-2008,41.42175674
14-01-2008,42.18273544
15-01-2008,40.65138245
16-01-2008,39.26094437
17-01-2008,40.91443634
18-01-2008,39.95615387
21-01-2008,37.92687988
22-01-2008,34.36624527
23-01-2008,36.61160278
24-01-2008,35.23056793
25-01-2008,37.28804016
28-01-2008,36.87466431
29-01-2008,37.80474472
30-01-2008,37.45714188
31-01-2008,36.74313354
01-02-2008,38.54693985
04-02-2008,38.48117447
05-02-2008,38.697258
06-02-2008,37.57927704
07-02-2008,36.09489441
08-02-2008,37.20347977
11-02-2008,34.83598709
12-02-2008,34.86417007
13-02-2008,36.87466431
14-02-2008,37.43835068
15-02-2008,38.11477661
18-02-2008,39.42065811
19-02-2008,38.59391785
20-02-2008,37.94567108
21-02-2008,37.83293533
22-02-2008,37.60746384
25-02-2008,37.92687988
26-02-2008,37.85173035
27-02-2008,38.02082825
28-02-2008,38.00203705
29-02-2008,38.0959816
03-03-2008,36.1794548
04-03-2008,34.74203873
05-03-2008,36.55524445
07-03-2008,35.84122849
10-03-2008,35.88820267
11-03-2008,36.12308884
12-03-2008,35.7942543
13-03-2008,34.87356186
14-03-2008,36.01974487
17-03-2008,34.90175629
18-03-2008,34.39442825
19-03-2008,35.19298935
24-03-2008,35.91639328
25-03-2008,35.99154663
26-03-2008,36.69616699
27-03-2008,37.59806061
28-03-2008,38.80059814
31-03-2008,38.75363159
01-04-2008,39.57098007
02-04-2008,39.08245087
03-04-2008,39.09183884
04-04-2008,37.69202042
07-04-2008,39.52399826
08-04-2008,39.18579483
09-04-2008,38.96970749
10-04-2008,38.82878494
11-04-2008,38.34026337
15-04-2008,39.06365585
16-04-2008,39.45823669
17-04-2008,39.73067474
21-04-2008,39.12001801
22-04-2008,40.07828903
23-04-2008,39.81523132
24-04-2008,39.44884109
25-04-2008,40.0031395
28-04-2008,39.75886917
29-04-2008,39.89039612
30-04-2008,41.3184166
02-05-2008,41.51570892
05-05-2008,41.47813034
06-05-2008,42.24849701
07-05-2008,42.58670807
08-05-2008,40.39771652
09-05-2008,41.06475067
12-05-2008,42.05119705
13-05-2008,42.34244919
14-05-2008,42.52095032
15-05-2008,42.50216675
16-05-2008,42.67126465
20-05-2008,42.41760254
21-05-2008,42.87794876
22-05-2008,41.97604752
23-05-2008,40.13466644
26-05-2008,38.61270905
27-05-2008,39.28912735
28-05-2008,41.70359802
29-05-2008,40.57622147
30-05-2008,40.91443634
02-06-2008,41.32780838
03-06-2008,41.3184166
04-06-2008,40.5480423
05-06-2008,41.80694962
06-06-2008,40.10647583
09-06-2008,38.96031189
10-06-2008,37.87051392
11-06-2008,37.48531723
12-06-2008,37.56987381
13-06-2008,37.23167038
16-06-2008,37.8611145
17-06-2008,38.18994141
18-06-2008,38.697258
19-06-2008,38.66907501
20-06-2008,37.27864456
23-06-2008,36.71495438
24-06-2008,35.98215485
25-06-2008,35.0332756
26-06-2008,36.0291214
27-06-2008,34.51656342
30-06-2008,35.28694153
01-07-2008,34.38503265
02-07-2008,33.80256271
03-07-2008,31.81085587
04-07-2008,32.16785431
07-07-2008,33.41736984
08-07-2008,32.28059769
09-07-2008,34.5447464
10-07-2008,33.66163635
11-07-2008,32.79731369
14-07-2008,31.6793232
15-07-2008,30.14797401
16-07-2008,31.21205139
17-07-2008,32.15407944
18-07-2008,33.88434601
21-07-2008,34.45148468
22-07-2008,36.49896622
23-07-2008,36.83540344
24-07-2008,36.62392426
25-07-2008,36.36439133
28-07-2008,36.652771
29-07-2008,36.45090485
30-07-2008,36.20097733
31-07-2008,35.91259766
01-08-2008,35.97027969
04-08-2008,36.10485077
05-08-2008,36.55664063
06-08-2008,36.50857925
07-08-2008,36.90269852
08-08-2008,36.5470314
11-08-2008,37.258358
12-08-2008,37.62363815
13-08-2008,37.47945023
14-08-2008,36.74889755
18-08-2008,36.03756714
19-08-2008,35.27817154
20-08-2008,35.18203735
21-08-2008,35.03785324
22-08-2008,35.02823257
25-08-2008,35.3646698
26-08-2008,35.54732132
27-08-2008,35.3646698
28-08-2008,35.27817154
29-08-2008,36.27787781
01-09-2008,36.90269852
02-09-2008,37.37371445
04-09-2008,36.36439133
05-09-2008,36.50857925
08-09-2008,37.7774353
09-09-2008,37.41215897
10-09-2008,37.49866867
11-09-2008,36.84502411
12-09-2008,36.79695511
15-09-2008,36.55664063
16-09-2008,37.37371445
17-09-2008,35.51848602
18-09-2008,35.69150925
19-09-2008,36.72966766
22-09-2008,37.48905182
23-09-2008,37.24874878
24-09-2008,37.10456085
25-09-2008,36.15290833
26-09-2008,36.97959518
29-09-2008,36.78734207
30-09-2008,36.15290833
01-10-2008,36.98920822
03-10-2008,36.61431122
06-10-2008,34.60528564
07-10-2008,33.54790497
08-10-2008,31.8753109
10-10-2008,31.4043026
13-10-2008,32.69238663
14-10-2008,32.48091125
15-10-2008,30.88522148
16-10-2008,31.08707428
17-10-2008,30.54878044
20-10-2008,31.75996971
21-10-2008,32.50973892
22-10-2008,32.84618378
23-10-2008,32.4232254
24-10-2008,30.54878044
27-10-2008,28.64548683
29-10-2008,29.43372345
31-10-2008,29.82782936
03-11-2008,30.72179985
04-11-2008,32.82695389
05-11-2008,32.64432144
06-11-2008,32.43283844
07-11-2008,33.57674789
10-11-2008,33.12494659
11-11-2008,33.17301941
12-11-2008,32.6827774
14-11-2008,32.59625244
17-11-2008,31.75996971
18-11-2008,30.8948307
19-11-2008,31.74073792
20-11-2008,31.65421486
21-11-2008,32.65393448
24-11-2008,33.09611511
25-11-2008,32.4232254
26-11-2008,33.1441803
27-11-2008,33.1441803
28-11-2008,33.37487793
01-12-2008,31.76957512
02-12-2008,32.60586929
03-12-2008,32.43283844
04-12-2008,33.46138763
05-12-2008,32.55780411
08-12-2008,32.66354752
10-12-2008,32.75006104
11-12-2008,32.903862
12-12-2008,33.1441803
15-12-2008,33.35565186
16-12-2008,33.94201279
17-12-2008,33.13456726
18-12-2008,34.6149025
19-12-2008,34.42264175
22-12-2008,34.59567642
23-12-2008,34.18232727
24-12-2008,33.13456726
26-12-2008,32.80774689
29-12-2008,32.91346359
30-12-2008,33.05765533
31-12-2008,33.00959396
02-01-2009,33.54790497
05-01-2009,33.24991226
06-01-2009,33.52868652
07-01-2009,32.31748581
09-01-2009,32.61548233
12-01-2009,31.74073792
13-01-2009,32.43283844
14-01-2009,32.81735229
15-01-2009,32.39439774
16-01-2009,33.01921463
19-01-2009,32.80774689
20-01-2009,32.80774689
21-01-2009,32.92308807
22-01-2009,32.79812241
23-01-2009,32.75967026
27-01-2009,32.83657837
28-01-2009,33.76899719
29-01-2009,33.73054504
30-01-2009,34.62451553
02-02-2009,34.2592392
03-02-2009,34.77831268
04-02-2009,34.77831268
05-02-2009,34.85521317
06-02-2009,35.09552765
09-02-2009,35.21088028
10-02-2009,34.67256927
11-02-2009,34.64373016
12-02-2009,34.27845764
13-02-2009,34.47070694
16-02-2009,34.82638168
17-02-2009,34.71102905
18-02-2009,34.6149025
19-02-2009,34.80714798
20-02-2009,34.64373016
24-02-2009,34.7206459
25-02-2009,34.97056961
26-02-2009,35.38391495
27-02-2009,35.19165421
02-03-2009,34.40341568
03-03-2009,33.07688522
04-03-2009,33.39409637
05-03-2009,32.11562347
06-03-2009,31.63500214
09-03-2009,30.44304466
12-03-2009,31.11592293
13-03-2009,31.78879929
16-03-2009,32.70200348
17-03-2009,33.3364296
18-03-2009,32.60586929
19-03-2009,32.6347084
20-03-2009,32.52897644
23-03-2009,33.52868652
24-03-2009,33.63441849
25-03-2009,34.17272186
26-03-2009,35.58576584
27-03-2009,35.8164711
30-03-2009,34.38420486
31-03-2009,35.53770828
01-04-2009,35.44158173
02-04-2009,35.6242218
06-04-2009,34.56683731
08-04-2009,36.49896622
09-04-2009,35.97988892
13-04-2009,35.95105362
15-04-2009,35.59537506
16-04-2009,36.85464478
17-04-2009,36.22980499
20-04-2009,35.50886536
21-04-2009,36.26826859
22-04-2009,36.62392426
23-04-2009,36.52780151
24-04-2009,36.63354111
27-04-2009,37.20068359
28-04-2009,36.05678177
29-04-2009,36.31632233
30-04-2009,36.27787781
04-05-2009,39.5365448
05-05-2009,38.02736282
06-05-2009,37.01805115
07-05-2009,36.61431122
08-05-2009,36.22019577
11-05-2009,36.13368607
12-05-2009,36.78734207
13-05-2009,36.15290833
14-05-2009,35.91259766
15-05-2009,35.76840973
18-05-2009,39.74802017
19-05-2009,36.61431122
20-05-2009,35.8453064
21-05-2009,35.01862717
22-05-2009,35.29738617
25-05-2009,36.48936081
26-05-2009,35.38391495
27-05-2009,35.39352036
28-05-2009,35.35506439
29-05-2009,35.30700302
01-06-2009,36.98920822
02-06-2009,36.95075989
03-06-2009,39.03668976
04-06-2009,38.95016861
05-06-2009,36.78734207
08-06-2009,35.29738617
09-06-2009,36.68160248
10-06-2009,37.54674149
11-06-2009,37.98891449
12-06-2009,37.80627823
15-06-2009,37.96968842
16-06-2009,38.20038986
17-06-2009,37.258358
18-06-2009,37.17184448
19-06-2009,38.56567764
22-06-2009,39.06551743
23-06-2009,37.95045853
24-06-2009,38.21000671
25-06-2009,37.13339233
26-06-2009,37.81589127
29-06-2009,37.23913574
30-06-2009,36.67198944
01-07-2009,36.77772522
02-07-2009,36.85464478
03-07-2009,36.85464478
06-07-2009,38.00814056
07-07-2009,40.6035347
08-07-2009,40.26709366
09-07-2009,41.02648926
10-07-2009,40.48818588
13-07-2009,41.28959656
14-07-2009,41.59312439
15-07-2009,42.54287338
16-07-2009,42.56244659
17-07-2009,44.89276505
20-07-2009,44.14862823
21-07-2009,43.0128479
22-07-2009,42.68973923
23-07-2009,44.99067688
24-07-2009,45.47044754
27-07-2009,46.77268982
28-07-2009,47.19371033
29-07-2009,46.54748535
30-07-2009,47.52661133
31-07-2009,48.79946518
03-08-2009,48.59385681
04-08-2009,48.27074814
05-08-2009,47.73221588
06-08-2009,45.84251785
07-08-2009,44.96131134
10-08-2009,43.93323135
11-08-2009,44.19758987
12-08-2009,44.61861038
13-08-2009,46.87059021
14-08-2009,46.0089798
17-08-2009,43.5807457
18-08-2009,44.0017662
19-08-2009,43.63949585
20-08-2009,44.08988953
21-08-2009,44.83402252
24-08-2009,46.98808289
25-08-2009,47.09579468
26-08-2009,46.80206299
27-08-2009,46.97829056
28-08-2009,46.33208466
31-08-2009,45.22566223
01-09-2009,45.06900406
02-09-2009,44.65777588
03-09-2009,44.41301346
04-09-2009,45.67606735
07-09-2009,45.24524689
08-09-2009,44.77526474
09-09-2009,44.45217133
10-09-2009,44.85360336
11-09-2009,44.47174835
14-09-2009,43.84510422
15-09-2009,44.85360336
16-09-2009,45.24524689
17-09-2009,44.80465317
18-09-2009,44.43258667
22-09-2009,45.69565201
23-09-2009,45.13754272
24-09-2009,45.53899384
25-09-2009,46.01874924
29-09-2009,45.87188721
30-09-2009,45.63690948
01-10-2009,45.53899384
05-10-2009,46.71393967
06-10-2009,48.47634888
07-10-2009,47.96721649
08-10-2009,49.10299301
09-10-2009,48.88758469
12-10-2009,50.591259
13-10-2009,50.38564301
14-10-2009,50.6598053
15-10-2009,50.20940399
16-10-2009,49.42609787
20-10-2009,49.0442543
21-10-2009,47.72243118
22-10-2009,48.53510666
23-10-2009,50.95352554
26-10-2009,51.8347435
27-10-2009,51.03186035
28-10-2009,50.73813248
29-10-2009,50.77729797
30-10-2009,49.89608765
03-11-2009,48.67218781
04-11-2009,49.85691071
05-11-2009,49.37715149
06-11-2009,48.73093414
09-11-2009,50.7283287
10-11-2009,50.4150238
11-11-2009,50.29752731
12-11-2009,49.53381729
13-11-2009,49.83733368
16-11-2009,50.052742
17-11-2009,49.86670685
18-11-2009,50.66959
19-11-2009,50.258358
20-11-2009,50.89477921
23-11-2009,52.63761902
24-11-2009,51.65849686
25-11-2009,52.65721512
26-11-2009,51.1689415
27-11-2009,50.18982315
30-11-2009,50.34647751
01-12-2009,50.53251266
02-12-2009,50.32689285
03-12-2009,50.02336884
04-12-2009,50.26815796
07-12-2009,49.89608765
08-12-2009,50.64021683
09-12-2009,50.23876572
10-12-2009,49.77858734
11-12-2009,49.49464798
14-12-2009,49.0932045
15-12-2009,49.24007416
16-12-2009,48.83862305
17-12-2009,48.80925751
18-12-2009,48.36864853
21-12-2009,47.93783951
22-12-2009,48.2217865
23-12-2009,49.66109848
24-12-2009,50.10168839
29-12-2009,50.17023468
30-12-2009,49.0932045
31-12-2009,49.11279678
04-01-2010,49.67087936
05-01-2010,50.16044617
06-01-2010,50.27795029
07-01-2010,50.12128448
08-01-2010,50.22898483
11-01-2010,50.24857712
12-01-2010,48.96590805
13-01-2010,48.75051117
14-01-2010,48.59385681
15-01-2010,49.49464798
18-01-2010,49.0638237
19-01-2010,48.93653107
20-01-2010,48.38822556
21-01-2010,47.87909698
22-01-2010,48.77988052
25-01-2010,49.9548378
27-01-2010,50.11149216
28-01-2010,49.78837204
29-01-2010,48.98550034
01-02-2010,48.27074814
02-02-2010,47.85951233
03-02-2010,49.46525955
04-02-2010,49.61213684
05-02-2010,48.63301086
08-02-2010,48.04553986
09-02-2010,47.76159286
10-02-2010,47.76159286
11-02-2010,48.39802551
15-02-2010,48.82884216
16-02-2010,48.98550034
17-02-2010,49.29880905
18-02-2010,48.61342239
19-02-2010,48.66239166
22-02-2010,48.48614883
23-02-2010,48.80925751
24-02-2010,48.49593735
25-02-2010,48.48614883
26-02-2010,45.48024368
02-03-2010,47.37973404
03-03-2010,47.72243118
04-03-2010,48.18262863
05-03-2010,47.92804718
08-03-2010,49.20091629
09-03-2010,49.16173935
10-03-2010,49.78837204
11-03-2010,50.06253052
12-03-2010,50.61084366
15-03-2010,50.78708267
16-03-2010,50.87521744
17-03-2010,51.47247314
18-03-2010,51.1591568
19-03-2010,51.1689415
22-03-2010,51.22769165
23-03-2010,51.10040283
25-03-2010,51.84453583
26-03-2010,51.77599335
29-03-2010,52.71595001
30-03-2010,52.64741135
31-03-2010,51.51163864
01-04-2010,51.6976738
05-04-2010,51.8543396
06-04-2010,52.13827896
07-04-2010,52.76491547
08-04-2010,52.43201065
09-04-2010,52.72573853
12-04-2010,53.14676666
13-04-2010,52.59845734
15-04-2010,51.45289993
16-04-2010,52.69636536
19-04-2010,51.86411667
20-04-2010,51.54101181
21-04-2010,51.39413834
22-04-2010,51.74662399
23-04-2010,52.27535248
26-04-2010,52.36347198
27-04-2010,52.78449631
28-04-2010,52.86282349
29-04-2010,52.31450653
30-04-2010,52.05994797
03-05-2010,51.8836937
04-05-2010,51.36476517
05-05-2010,51.335392
06-05-2010,50.7283287
07-05-2010,50.74792099
10-05-2010,51.26685333
11-05-2010,50.82625198
12-05-2010,51.90328979
13-05-2010,52.18722916
14-05-2010,52.51032639
17-05-2010,52.11868668
18-05-2010,52.60825348
19-05-2010,50.75771332
20-05-2010,51.38434219
21-05-2010,53.12718964
24-05-2010,52.49075699
25-05-2010,51.01227188
26-05-2010,52.69636536
27-05-2010,54.02798462
28-05-2010,55.45750809
31-05-2010,55.45750809
01-06-2010,55.41834641
02-06-2010,55.08544159
03-06-2010,55.90789032
04-06-2010,56.95554352
07-06-2010,56.33872604
08-06-2010,56.73035049
09-06-2010,56.38205338
10-06-2010,56.87967682
11-06-2010,57.18432617
14-06-2010,58.10845566
15-06-2010,59.24584198
16-06-2010,59.08337402
17-06-2010,59.69267273
18-06-2010,59.8957901
21-06-2010,60.74882507
22-06-2010,61.29721069
23-06-2010,61.51047897
24-06-2010,62.0994873
25-06-2010,61.22612381
28-06-2010,60.45432281
29-06-2010,60.1902771
30-06-2010,62.03853989
01-07-2010,61.5409317
02-07-2010,61.449543
05-07-2010,61.36830521
06-07-2010,61.52062607
07-07-2010,61.33782578
08-07-2010,61.57140732
09-07-2010,61.00270462
12-07-2010,60.92147446
13-07-2010,60.74882507
14-07-2010,60.62696838
15-07-2010,60.95193481
16-07-2010,60.59649277
19-07-2010,59.17477036
20-07-2010,59.19506454
21-07-2010,59.37785721
22-07-2010,60.46447372
23-07-2010,61.26675415
26-07-2010,61.48000717
27-07-2010,61.79482651
28-07-2010,62.42445755
29-07-2010,62.98299026
30-07-2010,62.70878983
02-08-2010,63.53136444
03-08-2010,62.71895218
04-08-2010,63.08454514
05-08-2010,63.28765488
06-08-2010,64.4859848
09-08-2010,64.56720734
10-08-2010,63.87664413
11-08-2010,62.94235229
12-08-2010,62.1299324
13-08-2010,63.47043228
16-08-2010,64.28285217
17-08-2010,64.81093597
18-08-2010,66.00926208
19-08-2010,67.14664459
20-08-2010,66.09049988
23-08-2010,64.79062653
24-08-2010,64.93279266
25-08-2010,65.19684601
26-08-2010,66.57794189
27-08-2010,65.48117828
30-08-2010,64.70938873
31-08-2010,66.27329254
01-09-2010,66.27329254
02-09-2010,67.20758057
03-09-2010,66.61857605
06-09-2010,67.3497467
07-09-2010,67.51223755
08-09-2010,66.74043274
09-09-2010,65.94831848
13-09-2010,66.29360199
14-09-2010,67.10604095
15-09-2010,68.10124207
16-09-2010,67.99969482
17-09-2010,68.3855896
20-09-2010,71.75712585
21-09-2010,70.13230133
22-09-2010,70.9650116
23-09-2010,71.69621277
24-09-2010,72.81329346
27-09-2010,72.46800995
28-09-2010,72.46800995
29-09-2010,70.51819611
30-09-2010,72.42738342
01-10-2010,72.56954956
04-10-2010,71.18844604
05-10-2010,70.59945679
06-10-2010,70.23384857
07-10-2010,69.82762909
08-10-2010,70.05104828
11-10-2010,70.25417328
12-10-2010,69.44174194
13-10-2010,71.12751007
14-10-2010,71.10719299
15-10-2010,69.84796143
18-10-2010,69.68545532
19-10-2010,69.25894165
20-10-2010,68.2434082
21-10-2010,70.82286072
22-10-2010,69.54328918
25-10-2010,68.7105484
26-10-2010,69.76670074
27-10-2010,68.18248749
28-10-2010,67.85751343
29-10-2010,69.54328918
01-11-2010,69.8073349
02-11-2010,70.43696594
03-11-2010,71.31031036
04-11-2010,71.89930725
08-11-2010,71.35093689
09-11-2010,72.22428131
10-11-2010,71.89930725
11-11-2010,71.22906494
12-11-2010,70.61975098
15-11-2010,71.14781189
16-11-2010,69.03552246
18-11-2010,69.84796143
19-11-2010,69.44174194
22-11-2010,71.4524765
23-11-2010,70.07137299
24-11-2010,70.55883026
25-11-2010,68.93398285
26-11-2010,68.10124207
29-11-2010,68.48714447
30-11-2010,69.82762909
01-12-2010,69.62451935
02-12-2010,69.4214325
03-12-2010,69.58390808
06-12-2010,68.66995239
07-12-2010,68.32468414
08-12-2010,67.73566437
09-12-2010,67.95905304
10-12-2010,69.17770386
13-12-2010,67.89813995
14-12-2010,68.40588379
15-12-2010,67.83721161
16-12-2010,68.26373291
20-12-2010,67.81689453
21-12-2010,67.89813995
22-12-2010,67.99969482
23-12-2010,67.79659271
24-12-2010,69.01521301
27-12-2010,68.95426941
28-12-2010,69.54328918
29-12-2010,70.76191711
30-12-2010,70.90407562
31-12-2010,70.94471741
03-01-2011,71.00565338
04-01-2011,72.10242462
05-01-2011,73.03669739
06-01-2011,72.67111969
07-01-2011,70.07137299
10-01-2011,69.29955292
11-01-2011,69.09646606
12-01-2011,70.57912445
13-01-2011,70.33541107
14-01-2011,69.2792511
17-01-2011,69.84796143
18-01-2011,71.55403137
19-01-2011,71.2696991
20-01-2011,69.72607422
21-01-2011,68.60900879
24-01-2011,68.69024658
25-01-2011,68.2434082
27-01-2011,68.16217041
28-01-2011,68.30434418
31-01-2011,66.04988861
01-02-2011,64.83125305
02-02-2011,64.58751678
03-02-2011,64.77030182
04-02-2011,62.1502533
07-02-2011,63.81571198
08-02-2011,63.40950394
09-02-2011,62.51583481
10-02-2011,63.42983246
11-02-2011,63.00329208
14-02-2011,63.97820663
15-02-2011,63.81571198
16-02-2011,63.73447418
17-02-2011,64.36412048
18-02-2011,63.26733017
21-02-2011,64.26255035
22-02-2011,63.65322876
23-02-2011,63.2063942
24-02-2011,61.19565964
25-02-2011,63.49074936
28-02-2011,68.64962006
01-03-2011,70.51819611
03-03-2011,70.4978714
04-03-2011,70.03073883
07-03-2011,70.13230133
08-03-2011,69.84796143
09-03-2011,69.76670074
10-03-2011,69.58390808
11-03-2011,69.60423279
14-03-2011,70.45726776
15-03-2011,69.09646606
16-03-2011,69.54328918
17-03-2011,68.26373291
18-03-2011,68.22311401
21-03-2011,68.20279694
22-03-2011,69.07614136
23-03-2011,69.84796143
24-03-2011,70.27446747
25-03-2011,72.08209991
28-03-2011,72.58987427
29-03-2011,72.81329346
30-03-2011,72.14303589
31-03-2011,73.97098541
01-04-2011,74.13345337
04-04-2011,75.0880661
05-04-2011,74.82404327
06-04-2011,74.31626892
07-04-2011,74.15378571
08-04-2011,74.64124298
11-04-2011,75.14898682
13-04-2011,77.22067261
15-04-2011,77.78936768
18-04-2011,77.2612915
19-04-2011,76.16452789
20-04-2011,77.42378235
21-04-2011,77.24099731
25-04-2011,77.28161621
26-04-2011,77.85030365
27-04-2011,78.66271973
28-04-2011,77.93154144
29-04-2011,78.13465118
02-05-2011,77.64718628
03-05-2011,75.90049744
04-05-2011,75.88017273
05-05-2011,74.13345337
06-05-2011,74.58030701
09-05-2011,74.92557526
10-05-2011,75.39272308
11-05-2011,75.69738007
12-05-2011,74.6615448
13-05-2011,76.77383423
16-05-2011,75.59583282
17-05-2011,76.30670166
18-05-2011,76.75353241
19-05-2011,76.79415894
20-05-2011,75.77862549
23-05-2011,77.2612915
24-05-2011,75.9411087
25-05-2011,76.81448364
26-05-2011,75.96141052
27-05-2011,76.75353241
30-05-2011,76.20513153
31-05-2011,78.54086304
01-06-2011,78.74398804
02-06-2011,79.33296204
03-06-2011,78.5814743
06-06-2011,78.31744385
07-06-2011,78.6220932
08-06-2011,79.19078064
09-06-2011,79.21110535
10-06-2011,79.74008942
13-06-2011,79.42803192
14-06-2011,80.65544128
15-06-2011,80.7802887
16-06-2011,80.71785736
17-06-2011,79.78170776
20-06-2011,77.57653046
21-06-2011,76.91082001
22-06-2011,77.05643463
23-06-2011,79.65689087
24-06-2011,81.17554474
27-06-2011,80.55144501
28-06-2011,80.65544128
29-06-2011,83.02705383
30-06-2011,84.44169617
01-07-2011,83.85919952
04-07-2011,82.69419098
05-07-2011,81.40438843
06-07-2011,81.84125519
07-07-2011,84.62892914
08-07-2011,83.44311523
11-07-2011,84.29607391
12-07-2011,83.90081024
13-07-2011,84.87857056
14-07-2011,84.46251678
15-07-2011,83.94241333
18-07-2011,83.90081024
19-07-2011,84.92017365
20-07-2011,85.60670471
21-07-2011,86.16841125
22-07-2011,86.29321289
25-07-2011,85.46108246
26-07-2011,83.58875275
27-07-2011,83.58875275
28-07-2011,85.81473541
29-07-2011,86.68849182
01-08-2011,86.91732025
02-08-2011,85.19063568
03-08-2011,86.06438446
04-08-2011,83.19348145
05-08-2011,81.71642303
08-08-2011,81.13392639
09-08-2011,83.1102829
10-08-2011,82.00767517
11-08-2011,82.69419098
12-08-2011,82.382164
16-08-2011,83.42232513
17-08-2011,84.98260498
18-08-2011,84.81615448
19-08-2011,82.88144684
22-08-2011,84.0464325
23-08-2011,84.54570007
24-08-2011,84.02561951
25-08-2011,84.19205475
26-08-2011,81.90365601
29-08-2011,84.02561951
30-08-2011,83.2142868
02-09-2011,84.56651306
05-09-2011,84.35848999
06-09-2011,84.37929535
07-09-2011,83.23509216
08-09-2011,82.86062622
09-09-2011,82.23652649
12-09-2011,81.63323212
13-09-2011,81.9868927
14-09-2011,82.98544312
15-09-2011,82.96466064
16-09-2011,82.36136627
19-09-2011,81.27955627
20-09-2011,82.59017944
21-09-2011,82.2157135
22-09-2011,79.44884491
23-09-2011,79.74008942
26-09-2011,78.42947388
27-09-2011,80.48902893
28-09-2011,82.00767517
29-09-2011,84.1504364
30-09-2011,82.382164
03-10-2011,80.86349487
04-10-2011,79.74008942
05-10-2011,80.75946808
07-10-2011,82.86062622
10-10-2011,83.25590515
11-10-2011,83.02705383
12-10-2011,84.87857056
13-10-2011,84.00484467
14-10-2011,85.37786102
17-10-2011,85.60670471
18-10-2011,84.98260498
19-10-2011,86.16841125
20-10-2011,85.31544495
21-10-2011,84.87857056
24-10-2011,86.10598755
25-10-2011,87.81186676
28-10-2011,89.66339111
31-10-2011,88.6856308
01-11-2011,86.66767883
02-11-2011,87.10454559
03-11-2011,87.45823669
04-11-2011,87.52062225
08-11-2011,87.70786285
09-11-2011,88.20716095
11-11-2011,88.47758484
14-11-2011,87.99911499
15-11-2011,87.64544678
16-11-2011,88.45677185
17-11-2011,86.43883514
18-11-2011,83.96320343
21-11-2011,82.98544312
22-11-2011,81.63323212
23-11-2011,80.42662048
24-11-2011,80.01054382
25-11-2011,79.98972321
28-11-2011,81.73725128
29-11-2011,82.34053802
30-11-2011,83.50554657
01-12-2011,84.73295593
02-12-2011,85.91876221
05-12-2011,84.94098663
07-12-2011,85.27384186
08-12-2011,82.7982254
09-12-2011,82.02848053
12-12-2011,81.55001831
13-12-2011,82.11170197
14-12-2011,83.15187836
15-12-2011,83.04788208
16-12-2011,81.46679688
19-12-2011,82.17409515
20-12-2011,82.96466064
21-12-2011,84.1504364
22-12-2011,84.77456665
23-12-2011,84.87857056
26-12-2011,85.27384186
27-12-2011,85.31544495
28-12-2011,84.06723022
29-12-2011,83.50554657
30-12-2011,83.75517273
02-01-2012,82.65259552
03-01-2012,83.35990906
04-01-2012,83.02705383
05-01-2012,83.13108063
06-01-2012,84.08805084
09-01-2012,84.0464325
10-01-2012,85.35706329
11-01-2012,84.58732605
12-01-2012,85.27384186
13-01-2012,86.14758301
16-01-2012,87.00053406
17-01-2012,86.70930481
18-01-2012,87.29178619
19-01-2012,87.04216003
20-01-2012,83.75517273
23-01-2012,85.12821198
24-01-2012,85.68991089
25-01-2012,85.73151398
27-01-2012,83.96320343
30-01-2012,83.56795502
31-01-2012,84.85778809
01-02-2012,83.88000488
02-02-2012,82.81902313
03-02-2012,83.48475647
06-02-2012,84.21286774
07-02-2012,85.52349091
08-02-2012,85.06581116
09-02-2012,84.8369751
10-02-2012,84.79534912
13-02-2012,84.37929535
14-02-2012,84.27527618
15-02-2012,84.5249176
16-02-2012,84.85778809
17-02-2012,85.48188782
21-02-2012,86.29321289
22-02-2012,86.77171326
23-02-2012,86.79251862
24-02-2012,87.12535858
27-02-2012,88.33197784
28-02-2012,87.66624451
29-02-2012,86.39722443
01-03-2012,86.06438446
02-03-2012,85.39865875
05-03-2012,86.12679291
06-03-2012,87.54143524
07-03-2012,87.35418701
09-03-2012,86.6468811
12-03-2012,86.0435791
13-03-2012,86.97973633
14-03-2012,88.41517639
15-03-2012,86.91732025
16-03-2012,89.93384552
19-03-2012,91.74375916
20-03-2012,93.03359222
21-03-2012,93.13758087
22-03-2012,91.41090393
23-03-2012,92.55509949
26-03-2012,92.65911102
27-03-2012,94.05295563
28-03-2012,94.36501312
29-03-2012,93.42884064
30-03-2012,94.40662384
02-04-2012,94.42739868
03-04-2012,94.48983002
04-04-2012,94.61463928
09-04-2012,93.22081757
10-04-2012,95.42596436
11-04-2012,95.59239197
12-04-2012,97.67277527
13-04-2012,98.29686737
16-04-2012,100.2940292
17-04-2012,102.4368057
18-04-2012,100.5852814
19-04-2012,101.5422363
20-04-2012,102.0207214
23-04-2012,101.8334808
24-04-2012,101.9583054
25-04-2012,102.3327713
26-04-2012,103.6225815
27-04-2012,102.2703781
30-04-2012,102.145546
02-05-2012,101.7710724
03-05-2012,100.5644836
04-05-2012,99.0874176
07-05-2012,98.33847046
08-05-2012,94.40662384
09-05-2012,99.8155365
10-05-2012,99.54512024
11-05-2012,97.46471405
14-05-2012,97.5687561
15-05-2012,96.05008698
16-05-2012,94.57305908
17-05-2012,97.67277527
18-05-2012,99.66992188
21-05-2012,97.71437836
22-05-2012,96.84064484
23-05-2012,96.40376282
24-05-2012,97.09028625
25-05-2012,96.46618652
28-05-2012,97.79758453
29-05-2012,96.07089996
30-05-2012,96.48698425
31-05-2012,95.42596436
01-06-2012,97.29830933
04-06-2012,95.73806
05-06-2012,93.99053955
06-06-2012,97.58956909
07-06-2012,98.33847046
08-06-2012,99.52429199
11-06-2012,101.7408829
12-06-2012,103.1412735
13-06-2012,103.5656281
14-06-2012,103.8414536
15-06-2012,105.2418594
18-06-2012,103.2049103
19-06-2012,105.8359756
20-06-2012,104.4143448
21-06-2012,106.6846848
22-06-2012,106.3027725
25-06-2012,106.1118011
26-06-2012,104.8386993
27-06-2012,105.1569748
28-06-2012,106.6422501
29-06-2012,109.8674393
02-07-2012,106.1118011
03-07-2012,104.6053238
04-07-2012,104.4567795
05-07-2012,106.3451843
06-07-2012,107.257576
09-07-2012,106.7907715
10-07-2012,109.6552505
11-07-2012,107.4909744
12-07-2012,106.8120117
13-07-2012,107.5970688
16-07-2012,106.9605179
17-07-2012,108.4245682
18-07-2012,108.1911774
19-07-2012,107.8304749
20-07-2012,107.3000031
23-07-2012,105.8996124
24-07-2012,106.2179031
25-07-2012,108.1063004
26-07-2012,105.8572006
27-07-2012,108.1911774
30-07-2012,109.5703735
31-07-2012,109.5491409
01-08-2012,109.9310532
02-08-2012,110.9495163
03-08-2012,110.0583801
06-08-2012,109.6552505
07-08-2012,110.8858643
08-08-2012,110.9919662
09-08-2012,112.7106552
10-08-2012,113.6230164
13-08-2012,113.2623138
14-08-2012,113.644249
16-08-2012,109.6340103
17-08-2012,111.2253723
21-08-2012,110.6524887
22-08-2012,111.0344009
23-08-2012,112.1377487
24-08-2012,112.5196533
27-08-2012,112.604538
28-08-2012,113.7927475
29-08-2012,114.3020172
30-08-2012,114.8324509
31-08-2012,113.5805969
03-09-2012,113.5593567
04-09-2012,113.0925751
05-09-2012,113.6230164
06-09-2012,110.5251923
07-09-2012,111.5012283
10-09-2012,112.3075027
11-09-2012,113.4320526
12-09-2012,114.2807846
13-09-2012,114.4292984
14-09-2012,113.8352051
17-09-2012,107.5758514
18-09-2012,107.8729172
20-09-2012,108.827713
21-09-2012,111.0131531
24-09-2012,108.5731125
25-09-2012,110.6736984
26-09-2012,111.946785
27-09-2012,113.2835083
28-09-2012,115.5963058
01-10-2012,115.9570236
03-10-2012,114.6839142
04-10-2012,116.8269424
05-10-2012,116.9754791
08-10-2012,117.8666458
09-10-2012,118.8426743
10-10-2012,119.2458115
11-10-2012,120.3067093
12-10-2012,120.3067093
15-10-2012,121.6858521
16-10-2012,121.5585938
17-10-2012,122.3224335
18-10-2012,123.7440491
19-10-2012,126.2478104
22-10-2012,124.7625198
23-10-2012,123.0650787
25-10-2012,123.9350128
29-10-2012,122.3224335
30-10-2012,120.561348
31-10-2012,119.903595
01-11-2012,118.5244064
02-11-2012,120.1794357
05-11-2012,122.4921875
06-11-2012,122.7043762
07-11-2012,123.0438614
08-11-2012,122.6407242
09-11-2012,122.280014
12-11-2012,120.4340515
15-11-2012,117.314949
16-11-2012,116.5511475
19-11-2012,119.5428467
20-11-2012,119.0548553
21-11-2012,121.4100494
22-11-2012,122.6407242
23-11-2012,121.6222458
26-11-2012,121.8344345
27-11-2012,124.8686218
29-11-2012,126.4599762
30-11-2012,126.672142
03-12-2012,125.6749115
04-12-2012,125.2505264
05-12-2012,126.4175568
06-12-2012,127.8815842
07-12-2012,127.9452515
10-12-2012,128.1362152
11-12-2012,128.7090759
12-12-2012,129.8336639
13-12-2012,125.2929993
14-12-2012,125.590004
17-12-2012,124.3593826
18-12-2012,124.3806152
19-12-2012,123.1075211
20-12-2012,121.8344345
21-12-2012,121.8132095
24-12-2012,121.8132095
26-12-2012,123.2772522
27-12-2012,122.3860931
28-12-2012,122.8104782
31-12-2012,121.7071228
01-01-2013,121.8980713
02-01-2013,121.1130219
03-01-2013,120.3279266
04-01-2013,119.8399124
07-01-2013,118.418335
08-01-2013,121.2403488
09-01-2013,118.6092758
10-01-2013,119.2458115
11-01-2013,116.0206833
14-01-2013,117.9303055
15-01-2013,120.561348
16-01-2013,120.518898
17-01-2013,121.0705719
18-01-2013,121.9829483
21-01-2013,123.722847
22-01-2013,122.7043762
23-01-2013,124.2320633
24-01-2013,126.2265854
25-01-2013,127.2026215
28-01-2013,127.6269684
29-01-2013,129.4941406
30-01-2013,129.0910339
31-01-2013,130.555069
01-02-2013,131.2977295
04-02-2013,130.3852997
05-02-2013,128.3483887
06-02-2013,129.3668365
07-02-2013,129.0273743
08-02-2013,128.0513153
11-02-2013,126.9479752
12-02-2013,127.3299255
13-02-2013,127.4571991
14-02-2013,127.6269684
15-02-2013,127.5633316
18-02-2013,127.4360123
19-02-2013,128.0089111
20-02-2013,127.3087006
21-02-2013,125.8658752
22-02-2013,123.9137955
25-02-2013,124.1896362
26-02-2013,123.4257889
27-02-2013,125.1020126
28-02-2013,125.1020126
01-03-2013,123.5955429
04-03-2013,124.1259995
05-03-2013,124.1684265
06-03-2013,121.8132095
07-03-2013,124.0623169
08-03-2013,126.3326797
11-03-2013,126.2690125
12-03-2013,126.8206863
13-03-2013,128.0089111
14-03-2013,128.1150208
15-03-2013,128.1150208
18-03-2013,129.1122589
19-03-2013,129.9821777
20-03-2013,130.3641205
21-03-2013,129.4305115
22-03-2013,129.6851044
25-03-2013,128.3271484
26-03-2013,130.0033875
28-03-2013,131.3189545
01-04-2013,130.3641205
02-04-2013,130.3429108
03-04-2013,130.533844
04-04-2013,127.1177444
05-04-2013,123.616745
08-04-2013,124.2745361
09-04-2013,121.8768463
10-04-2013,120.8796082
11-04-2013,121.0705719
12-04-2013,124.2957153
15-04-2013,127.287468
16-04-2013,130.682373
17-04-2013,132.8678589
18-04-2013,133.8014526
22-04-2013,134.5228882
23-04-2013,134.7774963
25-04-2013,135.7322845
26-04-2013,135.3291321
29-04-2013,137.7692566
30-04-2013,139.5515442
02-05-2013,141.5460358
03-05-2013,140.3366394
06-05-2013,138.4269562
07-05-2013,142.2887115
08-05-2013,145.4714203
09-05-2013,146.1928406
10-05-2013,149.8635864
13-05-2013,142.5008698
14-05-2013,142.52211
15-05-2013,145.3228607
16-05-2013,143.0101318
17-05-2013,142.1189575
20-05-2013,142.0128479
21-05-2013,140.4639435
22-05-2013,142.3947906
23-05-2013,141.1004639
24-05-2013,139.9971466
27-05-2013,141.6945953
28-05-2013,144.2831879
29-05-2013,145.4077606
30-05-2013,150.3515778
31-05-2013,146.4951019
03-06-2013,144.8357849
04-06-2013,145.374527
05-06-2013,143.9522552
06-06-2013,144.3401489
07-06-2013,143.8875732
10-06-2013,145.2452545
11-06-2013,144.1030884
12-06-2013,142.6592712
13-06-2013,140.9352722
14-06-2013,142.9825134
17-06-2013,143.0256042
18-06-2013,142.2929382
19-06-2013,142.1851349
20-06-2013,139.0819855
21-06-2013,138.9311676
24-06-2013,135.5047455
25-06-2013,137.7890167
26-06-2013,139.1897278
27-06-2013,138.6510162
28-06-2013,139.7931519
01-07-2013,140.4827576
02-07-2013,140.0086365
03-07-2013,140.6551361
04-07-2013,146.0426025
05-07-2013,147.6587982
08-07-2013,149.4258881
09-07-2013,149.7491608
10-07-2013,148.9302216
11-07-2013,152.3135376
12-07-2013,151.1067352
15-07-2013,151.96875
16-07-2013,155.1796722
17-07-2013,158.7569122
18-07-2013,158.8862152
19-07-2013,159.0585938
22-07-2013,158.9508667
23-07-2013,161.9462738
24-07-2013,161.967804
25-07-2013,154.6840363
26-07-2013,158.6707153
29-07-2013,154.2745667
30-07-2013,151.1067352
31-07-2013,147.2708893
01-08-2013,146.2796021
02-08-2013,143.4996796
05-08-2013,144.5556183
06-08-2013,142.3360291
07-08-2013,138.8233948
08-08-2013,140.2241364
12-08-2013,144.6633759
13-08-2013,144.0384674
14-08-2013,144.318573
16-08-2013,138.0906982
19-08-2013,135.2892761
20-08-2013,135.8926544
21-08-2013,129.6647797
22-08-2013,132.724823
23-08-2013,132.9618988
26-08-2013,132.5309143
27-08-2013,128.3933258
28-08-2013,128.5226593
29-08-2013,131.6904602
30-08-2013,133.0480652
02-09-2013,138.0906982
03-09-2013,129.6001129
04-09-2013,129.2337799
05-09-2013,134.5350189
06-09-2013,136.366745
10-09-2013,144.7711334
11-09-2013,142.2066956
12-09-2013,145.0297546
13-09-2013,142.8101196
16-09-2013,143.9307251
17-09-2013,145.97789
18-09-2013,148.068222
19-09-2013,153.1970978
20-09-2013,153.1324005
23-09-2013,150.7835388
24-09-2013,150.3956146
25-09-2013,148.5854187
26-09-2013,150.5464478
27-09-2013,149.9430542
30-09-2013,146.7106018
01-10-2013,147.8311768
03-10-2013,145.9994812
04-10-2013,146.4735718
07-10-2013,146.5597534
08-10-2013,149.8353119
09-10-2013,150.2232513
10-10-2013,149.6198425
11-10-2013,147.4864044
14-10-2013,146.4520111
15-10-2013,146.538208
17-10-2013,148.9086914
18-10-2013,152.8091888
21-10-2013,148.5639038
22-10-2013,147.2062531
23-10-2013,147.227829
24-10-2013,147.7234497
25-10-2013,146.5597534
28-10-2013,141.3447418
29-10-2013,141.3231812
30-10-2013,143.5643768
31-10-2013,144.383255
01-11-2013,141.3878326
05-11-2013,137.4873199
06-11-2013,137.358017
07-11-2013,138.1122437
08-11-2013,137.7243652
11-11-2013,136.474472
12-11-2013,137.8752441
13-11-2013,135.3970184
14-11-2013,135.5262756
18-11-2013,140.5473938
19-11-2013,139.4268036
20-11-2013,138.2415619
21-11-2013,134.879776
22-11-2013,133.0480652
25-11-2013,136.2805481
26-11-2013,133.9316101
27-11-2013,135.3970184
28-11-2013,135.1168671
29-11-2013,138.0906982
02-12-2013,138.5648193
03-12-2013,137.5735474
04-12-2013,134.8366852
05-12-2013,133.0696411
06-12-2013,134.0609283
09-12-2013,134.9229126
10-12-2013,137.0131989
11-12-2013,138.2846375
12-12-2013,136.5391083
13-12-2013,135.8926544
16-12-2013,134.8151703
17-12-2013,135.8926544
18-12-2013,136.0003967
19-12-2013,135.181488
20-12-2013,135.8495483
23-12-2013,137.5735474
24-12-2013,137.5088654
26-12-2013,138.0260468
27-12-2013,138.9742279
30-12-2013,138.9526978
31-12-2013,138.7156677
01-01-2014,138.9526978
02-01-2014,135.7417908
03-01-2014,135.6555786
06-01-2014,136.0434875
07-01-2014,136.4960632
08-01-2014,136.5607147
09-01-2014,136.0219574
10-01-2014,139.0389252
13-01-2014,140.2672424
14-01-2014,139.8362579
15-01-2014,141.7326202
16-01-2014,140.2888031
17-01-2014,140.0086365
20-01-2014,142.3144684
21-01-2014,141.8188324
22-01-2014,141.0861359
23-01-2014,141.7757416
24-01-2014,139.7500458
27-01-2014,139.7285156
28-01-2014,140.7844391
29-01-2014,140.073288
30-01-2014,139.9008942
31-01-2014,140.116394
03-02-2014,138.0476074
04-02-2014,140.0301819
05-02-2014,137.4657593
06-02-2014,139.879303
07-02-2014,139.4052582
10-02-2014,140.073288
11-02-2014,140.116394
12-02-2014,138.1553802
13-02-2014,136.5822601
14-02-2014,137.8321533
17-02-2014,137.9614105
18-02-2014,136.5822601
19-02-2014,136.474472
20-02-2014,134.4057312
21-02-2014,136.8839569
24-02-2014,137.9398804
25-02-2014,138.7587738
26-02-2014,141.6895447
28-02-2014,141.2154388
03-03-2014,141.8834686
04-03-2014,142.9394073
05-03-2014,143.6505585
06-03-2014,144.1893005
07-03-2014,145.7408752
10-03-2014,144.6418304
11-03-2014,143.9522552
12-03-2014,146.9691925
13-03-2014,148.0035858
14-03-2014,149.6413879
18-03-2014,153.391037
19-03-2014,155.0288086
20-03-2014,153.3479462
21-03-2014,154.1668243
24-03-2014,155.4382477
25-03-2014,156.3649139
26-03-2014,154.7486572
27-03-2014,155.115036
28-03-2014,154.4900818
31-03-2014,152.0765076
01-04-2014,151.6885681
02-04-2014,148.4130249
03-04-2014,149.0810547
04-04-2014,148.5854187
07-04-2014,148.8871307
09-04-2014,149.9646454
10-04-2014,148.1975403
11-04-2014,148.0466919
15-04-2014,146.9476471
16-04-2014,149.1457062
17-04-2014,152.2488861
21-04-2014,152.3135376
22-04-2014,151.1713867
23-04-2014,152.2273407
24-04-2014,152.2273407
25-04-2014,148.0251465
28-04-2014,147.400238
29-04-2014,146.6674805
30-04-2014,146.8614655
02-05-2014,146.6459808
05-05-2014,148.5639038
06-05-2014,149.9646454
07-05-2014,149.4043579
08-05-2014,147.464859
09-05-2014,148.9302216
12-05-2014,154.7917786
13-05-2014,155.5244446
14-05-2014,157.5932312
15-05-2014,158.6707153
16-05-2014,153.8435822
19-05-2014,145.7193298
20-05-2014,146.9045715
21-05-2014,147.2493286
22-05-2014,149.0379791
23-05-2014,147.8742828
26-05-2014,148.5423279
27-05-2014,148.1759949
28-05-2014,147.7665558
29-05-2014,147.6157074
30-05-2014,147.29245
02-06-2014,145.0943909
03-06-2014,146.4034576
04-06-2014,145.3275909
05-06-2014,146.5570984
06-06-2014,147.8525391
09-06-2014,148.401474
10-06-2014,148.1379547
11-06-2014,146.3595123
12-06-2014,146.7108154
13-06-2014,146.0521393
16-06-2014,147.6329803
17-06-2014,147.5671539
18-06-2014,146.2058411
19-06-2014,147.6549377
20-06-2014,147.4134369
23-06-2014,138.3016357
24-06-2014,140.7387543
25-06-2014,138.7846832
26-06-2014,138.8725128
27-06-2014,140.4094238
30-06-2014,142.7367554
01-07-2014,142.8026733
02-07-2014,144.625
03-07-2014,145.5032196
04-07-2014,146.4034576
07-07-2014,147.0182495
08-07-2014,147.4573364
09-07-2014,149.9603424
10-07-2014,150.2457886
11-07-2014,151.8924713
14-07-2014,151.475296
15-07-2014,150.3336029
16-07-2014,151.1459656
17-07-2014,151.167923
18-07-2014,151.1020355
21-07-2014,153.6270142
22-07-2014,154.9663086
23-07-2014,155.2957001
24-07-2014,156.525238
25-07-2014,156.8984375
28-07-2014,156.854538
30-07-2014,157.7547455
31-07-2014,156.3495636
01-08-2014,153.4952698
04-08-2014,155.6689301
05-08-2014,156.3276062
06-08-2014,151.9583282
07-08-2014,152.0461578
08-08-2014,153.0561829
11-08-2014,152.6828766
12-08-2014,152.3974457
13-08-2014,156.8984375
14-08-2014,156.700882
18-08-2014,153.9782867
19-08-2014,153.0781097
20-08-2014,151.475296
21-08-2014,152.002243
22-08-2014,150.9044495
25-08-2014,153.385498
26-08-2014,154.7687378
27-08-2014,154.7248383
28-08-2014,156.0202026
01-09-2014,153.9344025
02-09-2014,155.7567139
03-09-2014,153.2098541
04-09-2014,153.868515
05-09-2014,154.0441742
08-09-2014,155.4274292
09-09-2014,157.2936401
10-09-2014,154.1539612
11-09-2014,154.2198181
12-09-2014,156.1739197
15-09-2014,154.4393921
16-09-2014,155.0761108
17-09-2014,155.7787018
18-09-2014,157.5132446
19-09-2014,157.8206482
22-09-2014,162.8046722
23-09-2014,162.8266296
24-09-2014,165.6370087
25-09-2014,165.3955078
26-09-2014,163.221817
29-09-2014,160.7627563
30-09-2014,162.5631409
01-10-2014,159.8845215
07-10-2014,159.2916565
08-10-2014,160.5871124
09-10-2014,160.4992981
10-10-2014,155.0541687
13-10-2014,153.9344025
14-10-2014,152.3755035
15-10-2014,152.3755035
16-10-2014,154.7687378
17-10-2014,155.4274292
20-10-2014,154.5711365
21-10-2014,154.285675
22-10-2014,153.2537384
27-10-2014,153.4952698
28-10-2014,153.7587433
29-10-2014,155.6470032
30-10-2014,155.8445892
31-10-2014,155.9763031
03-11-2014,156.0861053
05-11-2014,157.7108459
07-11-2014,156.1739197
10-11-2014,163.221817
11-11-2014,159.8845215
12-11-2014,162.2557678
13-11-2014,161.7507782
14-11-2014,162.1240387
17-11-2014,162.5631409
18-11-2014,162.5851135
19-11-2014,161.5312195
20-11-2014,162.4972534
21-11-2014,165.1759186
24-11-2014,164.6489868
25-11-2014,156.0641479
26-11-2014,159.5771332
27-11-2014,158.3475647
28-11-2014,159.4673615
01-12-2014,160.1040497
02-12-2014,160.6310425
03-12-2014,159.5112457
04-12-2014,168.2497864
05-12-2014,171.8505859
08-12-2014,174.6829529
09-12-2014,173.167984
10-12-2014,173.4533997
11-12-2014,174.1560059
12-12-2014,173.760788
15-12-2014,172.3775635
16-12-2014,167.1300201
17-12-2014,163.2657471
18-12-2014,164.6050568
19-12-2014,161.9483948
22-12-2014,164.2757263
23-12-2014,164.5172424
24-12-2014,163.0901031
26-12-2014,161.575119
29-12-2014,162.4094543
30-12-2014,161.7288055
31-12-2014,161.90448
01-01-2015,161.2238159
02-01-2015,161.7288055
05-01-2015,162.3655548
06-01-2015,158.1938934
07-01-2015,155.2517548
08-01-2015,159.1380157
09-01-2015,156.7228394
12-01-2015,157.1399994
13-01-2015,158.128006
14-01-2015,152.7268066
15-01-2015,157.161911
16-01-2015,158.128006
19-01-2015,157.5571747
20-01-2015,162.9583893
21-01-2015,154.8785095
22-01-2015,153.9782867
23-01-2015,153.4513245
27-01-2015,158.1499786
28-01-2015,159.0940857
29-01-2015,162.5631409
30-01-2015,161.8385925
02-02-2015,158.3695221
03-02-2015,160.7407684
04-02-2015,161.4214325
05-02-2015,161.9923096
06-02-2015,164.0122833
09-02-2015,161.5531464
10-02-2015,162.431427
11-02-2015,162.9803467
12-02-2015,162.6509705
13-02-2015,166.0102386
16-02-2015,171.0820923
18-02-2015,172.6849213
19-02-2015,170.9284363
20-02-2015,173.9144592
23-02-2015,171.367569
24-02-2015,173.760788
25-02-2015,175.5172729
26-02-2015,173.7388153
27-02-2015,172.8825073
02-03-2015,150.7288055
03-03-2015,149.9822998
04-03-2015,151.167923
05-03-2015,152.0461578
09-03-2015,148.5771179
10-03-2015,148.6649475
11-03-2015,148.5112305
12-03-2015,152.221817
13-03-2015,149.0381622
16-03-2015,147.2817078
17-03-2015,149.3016205
18-03-2015,147.8305817
19-03-2015,146.3815002
20-03-2015,143.7906647
23-03-2015,143.7687531
24-03-2015,143.3954468
25-03-2015,143.4832916
26-03-2015,141.5730743
27-03-2015,139.421402
30-03-2015,143.8345642
31-03-2015,143.0880737
01-04-2015,145.9862671
06-04-2015,149.7407532
07-04-2015,149.5651093
08-04-2015,152.0461578
09-04-2015,152.4413757
10-04-2015,152.221817
13-04-2015,154.3515625
15-04-2015,155.8665314
16-04-2015,153.7368011
17-04-2015,154.505249
20-04-2015,150.1359558
21-04-2015,150.1579285
22-04-2015,150.7946472
23-04-2015,150.2238007
24-04-2015,152.7926941
27-04-2015,151.4313965
28-04-2015,148.2258148
29-04-2015,144.098053
30-04-2015,141.5511169
04-05-2015,144.9982452
05-05-2015,143.2636871
06-05-2015,139.794632
07-05-2015,141.6389465
08-05-2015,144.032196
11-05-2015,143.351532
12-05-2015,142.385498
13-05-2015,143.9662933
14-05-2015,142.5830688
15-05-2015,143.3295898
18-05-2015,146.2277832
19-05-2015,146.0301819
20-05-2015,145.7666931
21-05-2015,143.7687531
22-05-2015,144.5371704
25-05-2015,139.1139832
26-05-2015,137.8844604
27-05-2015,139.5092316
28-05-2015,141.1559448
29-05-2015,143.6369781
01-06-2015,145.8106079
02-06-2015,139.9263916
03-06-2015,136.4482727
04-06-2015,135.1931305
05-06-2015,136.4034271
08-06-2015,136.4258575
09-06-2015,134.7449341
10-06-2015,134.9690247
11-06-2015,133.1536102
12-06-2015,133.3777313
15-06-2015,133.8035889
16-06-2015,134.0052795
17-06-2015,134.9690247
18-06-2015,135.3276215
19-06-2015,136.7172241
22-06-2015,139.1378021
23-06-2015,140.9980164
24-06-2015,140.5945892
25-06-2015,140.0119019
26-06-2015,138.0395813
29-06-2015,138.9360504
30-06-2015,141.266983
01-07-2015,140.5721893
02-07-2015,141.2221375
03-07-2015,141.4687042
06-07-2015,142.7238007
07-07-2015,142.2531128
08-07-2015,140.2808075
09-07-2015,139.2274475
10-07-2015,138.9136505
13-07-2015,141.0204468
14-07-2015,139.9894714
15-07-2015,140.7514801
16-07-2015,142.52211
17-07-2015,144.4720001
20-07-2015,143.6651459
21-07-2015,140.4825592
22-07-2015,140.9756317
23-07-2015,141.2445679
24-07-2015,140.9980164
27-07-2015,139.6981049
28-07-2015,139.4963989
29-07-2015,136.2689514
30-07-2015,141.6255798
31-07-2015,146.1305237
03-08-2015,148.6183167
04-08-2015,147.8787384
05-08-2015,148.7303925
06-08-2015,146.2425842
07-08-2015,145.4357452
10-08-2015,143.8668823
11-08-2015,143.4858246
12-08-2015,141.9841919
13-08-2015,141.8048706
14-08-2015,142.6117401
17-08-2015,142.0514374
18-08-2015,141.1324921
19-08-2015,142.0514374
20-08-2015,147.6321869
21-08-2015,148.2597351
24-08-2015,143.5306702
25-08-2015,143.3961945
26-08-2015,142.3876343
27-08-2015,145.9960327
28-08-2015,146.5787811
31-08-2015,145.7494965
01-09-2015,141.401474
02-09-2015,143.4858246
03-09-2015,143.4410248
04-09-2015,142.1410675
07-09-2015,140.5049438
08-09-2015,140.2584076
09-09-2015,140.9308167
10-09-2015,140.460144
11-09-2015,140.6394348
14-09-2015,140.5945892
15-09-2015,142.1186371
16-09-2015,144.4047394
18-09-2015,142.5445251
21-09-2015,140.8635712
22-09-2015,139.922226
23-09-2015,141.6928406
24-09-2015,144.5840454
28-09-2015,143.1047974
29-09-2015,143.6203156
30-09-2015,147.3856354
01-10-2015,147.3632507
05-10-2015,147.6994171
06-10-2015,153.6835938
07-10-2015,155.6559143
08-10-2015,152.002655
09-10-2015,153.9525452
12-10-2015,152.7422943
13-10-2015,154.2215118
14-10-2015,154.2438965
15-10-2015,156.6196136
16-10-2015,156.3731232
19-10-2015,157.336853
20-10-2015,156.283432
21-10-2015,156.2386627
23-10-2015,160.6315308
26-10-2015,159.8022308
27-10-2015,159.578125
28-10-2015,159.2194977
29-10-2015,156.8885956
30-10-2015,150.0079193
02-11-2015,151.1509705
03-11-2015,150.0975494
04-11-2015,150.4785919
05-11-2015,151.1285553
06-11-2015,151.3750763
09-11-2015,153.7732849
10-11-2015,150.9492493
13-11-2015,147.8338623
16-11-2015,151.6440582
17-11-2015,156.4851837
18-11-2015,155.9248657
19-11-2015,157.8075256
20-11-2015,154.4008026
23-11-2015,151.1733856
24-11-2015,150.568222
26-11-2015,153.6611938
27-11-2015,154.355957
30-11-2015,155.1628265
01-12-2015,155.2076569
02-12-2015,156.6196136
03-12-2015,153.9076843
04-12-2015,150.5906525
07-12-2015,140.5497742
08-12-2015,141.087677
09-12-2015,142.2755432
10-12-2015,144.0013275
11-12-2015,143.8892365
14-12-2015,143.4858246
15-12-2015,144.7633667
16-12-2015,143.1047974
17-12-2015,143.6651459
18-12-2015,142.1410675
21-12-2015,146.3770599
22-12-2015,143.5530701
23-12-2015,144.1133728
24-12-2015,145.0995636
28-12-2015,146.2201538
29-12-2015,145.6150513
30-12-2015,146.3770599
31-12-2015,146.9373932
01-01-2016,146.8029022
04-01-2016,145.7271118
05-01-2016,145.6150513
06-01-2016,141.2445679
07-01-2016,138.7791748
08-01-2016,140.5945892
11-01-2016,141.6704102
12-01-2016,141.266983
13-01-2016,141.5359497
14-01-2016,142.2082977
15-01-2016,140.7066803
18-01-2016,141.3790588
19-01-2016,140.7739105
20-01-2016,138.4878082
21-01-2016,137.3447723
22-01-2016,138.3981476
25-01-2016,138.6895294
27-01-2016,140.2808075
28-01-2016,142.7910461
29-01-2016,143.5306702
01-02-2016,145.5702209
02-02-2016,145.3461151
03-02-2016,144.3151245
04-02-2016,144.2478638
05-02-2016,145.2116241
08-02-2016,141.3117676
09-02-2016,140.0343323
10-02-2016,138.5102234
11-02-2016,133.826004
12-02-2016,134.5207977
15-02-2016,136.1344757
16-02-2016,132.4588013
17-02-2016,134.4087067
18-02-2016,136.9189301
19-02-2016,136.5154877
22-02-2016,134.4087067
23-02-2016,131.6967773
24-02-2016,128.9176025
25-02-2016,128.2900238
26-02-2016,130.4192657
29-02-2016,132.5260315
01-03-2016,145.8391724
02-03-2016,143.2393341
03-03-2016,142.6117401
04-03-2016,141.2894135
08-03-2016,143.5530701
09-03-2016,143.3961945
10-03-2016,141.6928406
11-03-2016,144.0237427
14-03-2016,145.7046967
15-03-2016,141.8721313
16-03-2016,144.3599701
17-03-2016,145.0771484
18-03-2016,145.5702209
21-03-2016,148.5735168
22-03-2016,144.8529968
23-03-2016,145.3461151
28-03-2016,144.5392303
29-03-2016,143.4410248
30-03-2016,146.7356873
31-03-2016,147.1391144
01-04-2016,150.6354828
04-04-2016,148.2373199
05-04-2016,146.3322449
06-04-2016,146.0856934
07-04-2016,143.1944733
08-04-2016,143.9789124
11-04-2016,146.6908569
12-04-2016,144.5167999
13-04-2016,148.4838715
18-04-2016,150.3441162
20-04-2016,150.3889008
21-04-2016,147.9011078
22-04-2016,146.0409088
25-04-2016,143.8668823
26-04-2016,146.7581177
27-04-2016,149.5148163
28-04-2016,144.7409515
29-04-2016,145.6598511
02-05-2016,143.9564972
03-05-2016,141.6704102
04-05-2016,140.146347
05-05-2016,142.3876343
06-05-2016,142.4100342
09-05-2016,145.5926208
10-05-2016,145.0098877
11-05-2016,142.5445251
12-05-2016,142.6341705
13-05-2016,143.1496582
16-05-2016,147.6546021
17-05-2016,148.1477051
18-05-2016,149.1338348
19-05-2016,145.6150513
20-05-2016,148.0804291
23-05-2016,155.4766083
24-05-2016,156.0144958
25-05-2016,159.6005096
26-05-2016,162.4693604
27-05-2016,161.0573578
30-05-2016,163.827179
31-05-2016,161.3226776
01-06-2016,166.0789642
02-06-2016,164.5164948
03-06-2016,162.63237
06-06-2016,163.41362
07-06-2016,166.6993256
08-06-2016,166.7223206
09-06-2016,162.7243195
10-06-2016,161.16185
13-06-2016,160.7942047
14-06-2016,162.3566437
15-06-2016,165.228775
16-06-2016,163.0919189
17-06-2016,165.3666687
20-06-2016,164.5394745
21-06-2016,164.7462616
22-06-2016,162.9999847
23-06-2016,165.5504913
24-06-2016,162.7243195
27-06-2016,164.9530334
28-06-2016,169.3416901
29-06-2016,168.3307037
30-06-2016,169.2957458
01-07-2016,173.9486237
04-07-2016,168.8132324
05-07-2016,167.8826447
07-07-2016,170.2607574
08-07-2016,169.4680786
11-07-2016,171.7428284
12-07-2016,171.2258606
13-07-2016,170.3297272
14-07-2016,171.4326324
15-07-2016,171.536026
18-07-2016,171.5704803
19-07-2016,171.6738892
20-07-2016,172.5010681
21-07-2016,172.7423401
22-07-2016,172.2253571
25-07-2016,173.5350494
26-07-2016,173.5350494
27-07-2016,170.5365448
28-07-2016,175.2927856
29-07-2016,174.0175629
01-08-2016,172.7423401
02-08-2016,179.7733612
03-08-2016,174.1899109
04-08-2016,173.7762909
05-08-2016,174.0865021
08-08-2016,172.2942505
09-08-2016,170.7088623
10-08-2016,169.9161377
11-08-2016,173.4661407
12-08-2016,175.1549377
16-08-2016,175.8442841
17-08-2016,174.8791809
18-08-2016,173.8107758
19-08-2016,172.9836121
22-08-2016,175.1549377
23-08-2016,173.2937927
24-08-2016,172.5010681
25-08-2016,174.7068787
26-08-2016,174.9481506
29-08-2016,174.2588196
30-08-2016,177.3607483
31-08-2016,179.2563629
01-09-2016,179.9112091
02-09-2016,181.220932
06-09-2016,181.0141296
07-09-2016,181.1519775
08-09-2016,182.5995331
09-09-2016,178.0500488
12-09-2016,173.879715
14-09-2016,173.6039581
15-09-2016,176.3956909
16-09-2016,179.4631348
19-09-2016,178.4291687
20-09-2016,177.1194611
21-09-2016,174.8447113
22-09-2016,175.9476471
23-09-2016,174.7068787
26-09-2016,170.9845734
27-09-2016,169.4680786
28-09-2016,170.2263336
29-09-2016,169.3646851
30-09-2016,166.3661804
03-10-2016,167.0209961
04-10-2016,166.2627869
05-10-2016,165.5734253
06-10-2016,163.6433716
07-10-2016,164.711792
10-10-2016,165.5045624
13-10-2016,164.711792
14-10-2016,165.3666687
17-10-2016,165.8491974
18-10-2016,169.5369873
19-10-2016,165.0564575
20-10-2016,164.9875488
21-10-2016,165.5389862
24-10-2016,166.3661804
25-10-2016,164.5739288
26-10-2016,164.5739288
27-10-2016,167.5724792
28-10-2016,167.5724792
01-11-2016,165.401123
02-11-2016,163.5744476
03-11-2016,165.6423645
04-11-2016,171.6738892
07-11-2016,176.8092957
08-11-2016,176.1888885
09-11-2016,171.0535278
10-11-2016,173.0525208
11-11-2016,167.4690704
15-11-2016,163.7123108
16-11-2016,159.1628265
17-11-2016,159.576416
18-11-2016,157.0604401
21-11-2016,154.5444183
22-11-2016,155.854126
23-11-2016,154.8545837
24-11-2016,154.0619202
25-11-2016,157.7152252
28-11-2016,161.0929108
29-11-2016,159.2662201
30-11-2016,160.2657166
01-12-2016,160.9550629
02-12-2016,157.5084686
05-12-2016,160.3002014
06-12-2016,158.6803284
07-12-2016,156.612381
08-12-2016,160.8171844
09-12-2016,162.7817383
12-12-2016,160.1278687
13-12-2016,162.4370728
14-12-2016,160.7138062
15-12-2016,158.3356323
16-12-2016,156.0264587
19-12-2016,156.4744873
20-12-2016,158.5079803
21-12-2016,155.9919586
22-12-2016,156.8536072
23-12-2016,154.8890686
26-12-2016,155.095871
27-12-2016,161.3341675
28-12-2016,162.2992096
29-12-2016,162.6783295
30-12-2016,166.5729675
02-01-2017,166.0904388
03-01-2017,167.744812
04-01-2017,169.1923676
05-01-2017,170.0884399
06-01-2017,167.2967377
09-01-2017,169.4680786
10-01-2017,171.60495
11-01-2017,170.6399231
12-01-2017,168.6408997
13-01-2017,172.0874786
16-01-2017,171.5015869
17-01-2017,173.6728821
18-01-2017,172.9146576
19-01-2017,175.1893921
20-01-2017,176.0510559
23-01-2017,178.9806366
24-01-2017,179.1184998
25-01-2017,183.013092
27-01-2017,177.4296722
30-01-2017,176.5335693
31-01-2017,177.9121857
01-02-2017,185.9082489
02-02-2017,189.0791321
03-02-2017,188.217453
06-02-2017,190.8023987
07-02-2017,191.0092163
08-02-2017,189.4237366
09-02-2017,191.3882904
10-02-2017,188.4242706
13-02-2017,186.5286407
14-02-2017,186.6664734
15-02-2017,188.4587097
16-02-2017,183.8058472
17-02-2017,184.839798
20-02-2017,183.3922424
21-02-2017,181.393219
22-02-2017,181.6000366
23-02-2017,183.1165161
27-02-2017,182.3927002
28-02-2017,180.7383881
01-03-2017,185.0810699
02-03-2017,182.4961243
03-03-2017,180.2903442
06-03-2017,182.0480957
07-03-2017,182.151474
08-03-2017,182.0825195
09-03-2017,182.6339874
10-03-2017,181.6000366
14-03-2017,184.1160126
15-03-2017,184.8742676
16-03-2017,185.0466003
17-03-2017,193.869812
20-03-2017,194.3178558
21-03-2017,198.4537659
22-03-2017,192.9048004
23-03-2017,191.3538361
24-03-2017,193.6974945
27-03-2017,194.111084
28-03-2017,193.352829
29-03-2017,195.2139893
30-03-2017,194.9038239
31-03-2017,193.2149963
03-04-2017,194.0766449
05-04-2017,192.2843781
06-04-2017,188.9412079
07-04-2017,187.9417419
10-04-2017,188.5621033
11-04-2017,194.4212799
12-04-2017,194.3178558
13-04-2017,192.4222717
17-04-2017,192.3878021
18-04-2017,192.353363
19-04-2017,192.1120605
20-04-2017,192.6635284
21-04-2017,189.1135406
24-04-2017,190.7678833
25-04-2017,193.9042969
26-04-2017,200.5216827
27-04-2017,197.0062256
28-04-2017,191.6295624
02-05-2017,192.4567566
03-05-2017,191.1125946
04-05-2017,193.8353577
05-05-2017,191.0436554
08-05-2017,188.1485291
09-05-2017,187.1490326
10-05-2017,188.8378296
11-05-2017,190.6989746
12-05-2017,189.5271149
15-05-2017,191.5950928
16-05-2017,195.3863373
17-05-2017,194.1455688
18-05-2017,191.5606232
19-05-2017,197.2819366
22-05-2017,209.276062
23-05-2017,206.8978882
24-05-2017,206.7255554
25-05-2017,206.8289795
26-05-2017,213.0672607
29-05-2017,217.7201538
30-05-2017,214.6871643
31-05-2017,214.9283752
01-06-2017,216.5827637
02-06-2017,220.0293121
05-06-2017,222.2578278
06-06-2017,217.776947
07-06-2017,218.617157
08-06-2017,218.1620483
09-06-2017,214.2413177
12-06-2017,213.121048
13-06-2017,213.716156
14-06-2017,209.9354401
15-06-2017,211.3707275
16-06-2017,214.8013916
19-06-2017,217.6719208
20-06-2017,216.1316071
21-06-2017,216.3067322
22-06-2017,217.9519958
23-06-2017,217.7419586
27-06-2017,218.6870728
28-06-2017,215.8865814
29-06-2017,218.1620483
30-06-2017,226.5986481
03-07-2017,239.7961426
04-07-2017,236.1204987
05-07-2017,231.7796326
06-07-2017,236.0154572
07-07-2017,234.0550842
10-07-2017,233.3549652
11-07-2017,231.324585
12-07-2017,230.2393494
13-07-2017,237.1706543
14-07-2017,236.0504303
17-07-2017,227.6488342
18-07-2017,199.2233887
19-07-2017,204.0543365
20-07-2017,202.6890717
21-07-2017,202.2689667
24-07-2017,205.3145447
25-07-2017,204.0193176
26-07-2017,205.5945892
27-07-2017,202.0239105
28-07-2017,204.1243286
31-07-2017,199.7134857
01-08-2017,201.5338135
02-08-2017,199.8534851
03-08-2017,197.0179443
04-08-2017,196.5628662
07-08-2017,195.9327393
08-08-2017,191.9420013
09-08-2017,191.0317841
10-08-2017,191.2068481
11-08-2017,190.0866394
14-08-2017,189.9115906
16-08-2017,195.4776764
17-08-2017,196.0377808
18-08-2017,197.3330078
21-08-2017,197.1579895
22-08-2017,198.0681458
23-08-2017,197.8231354
24-08-2017,197.0529633
28-08-2017,197.753067
29-08-2017,196.2127838
30-08-2017,197.4380798
31-08-2017,197.6130829
01-09-2017,198.5582581
04-09-2017,198.2081757
05-09-2017,198.0331573
06-09-2017,193.0272064
07-09-2017,189.3164978
08-09-2017,190.6817627
11-09-2017,191.5569153
12-09-2017,194.3924713
13-09-2017,190.0866394
14-09-2017,190.436676
15-09-2017,188.5463257
18-09-2017,186.9360046
19-09-2017,187.5311127
20-09-2017,190.1216278
21-09-2017,188.7213745
22-09-2017,187.9512177
25-09-2017,183.6103668
26-09-2017,183.750412
27-09-2017,180.984848
28-09-2017,183.120285
29-09-2017,180.8448334
03-10-2017,183.0152588
04-10-2017,187.216095
05-10-2017,185.7107544
06-10-2017,186.3409271
09-10-2017,187.6361694
10-10-2017,186.3759308
11-10-2017,185.8158112
12-10-2017,186.9360046
13-10-2017,186.2008667
16-10-2017,187.2860565
17-10-2017,187.1110535
18-10-2017,189.2814636
19-10-2017,188.7913513
23-10-2017,186.9710083
24-10-2017,186.9360046
25-10-2017,188.5112915
26-10-2017,187.9161835
27-10-2017,188.5813141
30-10-2017,185.6407471
31-10-2017,186.0258179
01-11-2017,188.9314117
02-11-2017,185.9908142
03-11-2017,185.8158112
06-11-2017,185.4657288
07-11-2017,185.7457886
08-11-2017,185.8158112
09-11-2017,182.0700836
10-11-2017,183.2253265
13-11-2017,180.8448334
14-11-2017,179.6196136
15-11-2017,177.3441925
16-11-2017,178.6044312
17-11-2017,180.6347809
20-11-2017,181.4749756
21-11-2017,179.0945129
22-11-2017,180.7398224
23-11-2017,180.7398224
24-11-2017,182.5601959
27-11-2017,181.509964
28-11-2017,179.9346619
29-11-2017,180.6698303
30-11-2017,179.2695465
01-12-2017,178.674408
04-12-2017,178.6044312
05-12-2017,177.7292633
06-12-2017,176.1539307
07-12-2017,177.3791656
08-12-2017,183.5753784
11-12-2017,186.4109039
12-12-2017,183.120285
13-12-2017,181.3349152
14-12-2017,185.0106506
15-12-2017,185.2556458
18-12-2017,184.2754822
19-12-2017,185.0106506
20-12-2017,184.3455048
21-12-2017,184.1705017
22-12-2017,184.2054901
26-12-2017,184.9406128
27-12-2017,183.5403748
28-12-2017,183.3303223
29-12-2017,184.3105011
01-01-2018,183.6453857
02-01-2018,182.5601959
03-01-2018,182.8402252
04-01-2018,183.120285
05-01-2018,184.065506
08-01-2018,185.9558411
09-01-2018,189.4214935
10-01-2018,188.616333
11-01-2018,188.8963928
12-01-2018,187.3210602
15-01-2018,187.3560791
16-01-2018,183.2253265
17-01-2018,186.2708893
18-01-2018,191.4168701
19-01-2018,192.2220001
22-01-2018,191.5919189
23-01-2018,193.6572876
24-01-2018,197.0529633
25-01-2018,196.9129181
29-01-2018,192.9921875
30-01-2018,192.6771088
31-01-2018,190.0166016
01-02-2018,192.7471619
02-02-2018,192.782135
05-02-2018,195.5126495
06-02-2018,191.4869232
07-02-2018,192.6421356
08-02-2018,191.9069672
09-02-2018,189.9816284
12-02-2018,188.9314117
14-02-2018,186.5859375
15-02-2018,187.7061615
16-02-2018,186.5509338
19-02-2018,184.9056396
20-02-2018,184.3105011
21-02-2018,187.7761688
22-02-2018,187.0059967
23-02-2018,188.3713074
26-02-2018,186.6209564
27-02-2018,186.5159454
28-02-2018,185.570755
01-03-2018,184.8356018
05-03-2018,182.2100677
06-03-2018,179.5845947
07-03-2018,181.9650726
08-03-2018,181.2299042
09-03-2018,181.509964
12-03-2018,189.1064453
13-03-2018,188.6513519
14-03-2018,187.6711578
15-03-2018,185.9208527
16-03-2018,182.3851471
19-03-2018,181.4399719
20-03-2018,181.4749756
21-03-2018,181.3699493
22-03-2018,180.8448334
23-03-2018,179.2345428
26-03-2018,180.7048187
27-03-2018,181.2649078
28-03-2018,178.8844604
02-04-2018,180.8098145
03-04-2018,180.984848
04-04-2018,181.0549011
05-04-2018,181.7900238
06-04-2018,182.6301727
09-04-2018,186.0958557
10-04-2018,186.7259827
11-04-2018,185.6407471
12-04-2018,183.4003296
13-04-2018,182.5601959
16-04-2018,185.1506653
17-04-2018,187.3560791
18-04-2018,192.782135
19-04-2018,194.1824188
20-04-2018,193.3772125
23-04-2018,192.8871613
24-04-2018,193.2372437
25-04-2018,191.9069672
26-04-2018,194.8125153
27-04-2018,195.6176758
30-04-2018,197.0529633
02-05-2018,201.1137543
03-05-2018,199.5384521
04-05-2018,194.0424042
07-05-2018,197.6130829
08-05-2018,197.9281311
09-05-2018,197.6480713
10-05-2018,196.1427917
11-05-2018,198.5932617
14-05-2018,199.3983917
15-05-2018,197.3330078
16-05-2018,200.1335754
17-05-2018,195.3026123
18-05-2018,197.6480713
21-05-2018,197.6831207
22-05-2018,195.1625824
23-05-2018,191.4518585
24-05-2018,192.4320984
25-05-2018,194.4301453
28-05-2018,196.5722656
29-05-2018,195.6797333
30-05-2018,194.1445618
31-05-2018,193.9660492
01-06-2018,192.7522125
04-06-2018,192.0024872
05-06-2018,191.0028534
06-06-2018,193.0735168
07-06-2018,193.5376129
08-06-2018,191.2884369
11-06-2018,192.2523804
12-06-2018,192.9664001
13-06-2018,191.2527161
14-06-2018,190.8243103
15-06-2018,188.8607178
18-06-2018,188.8964539
19-06-2018,189.9674683
20-06-2018,188.3252258
21-06-2018,186.2545319
22-06-2018,189.3248291
25-06-2018,187.5040741
26-06-2018,189.0749512
27-06-2018,187.6111908
28-06-2018,186.0046082
29-06-2018,190.0746002
02-07-2018,187.8254089
03-07-2018,189.5390778
04-07-2018,188.7893372
05-07-2018,194.5729828
06-07-2018,194.6800842
09-07-2018,195.9296265
10-07-2018,197.8218079
11-07-2018,196.8935394
12-07-2018,197.928894
13-07-2018,193.0735168
16-07-2018,193.9303589
17-07-2018,192.6808014
18-07-2018,191.7525635
19-07-2018,195.1442108
20-07-2018,195.6440125
23-07-2018,202.891449
24-07-2018,203.9624634
25-07-2018,204.3194733
26-07-2018,205.0692444
27-07-2018,216.029541
30-07-2018,214.9585266
31-07-2018,212.5664978
01-08-2018,215.3512115
02-08-2018,213.637558
03-08-2018,217.0292206
06-08-2018,215.4940338
07-08-2018,214.9942017
08-08-2018,214.887085
09-08-2018,215.9938812
10-08-2018,217.6361084
13-08-2018,218.4572601
14-08-2018,219.8495941
16-08-2018,219.5282898
17-08-2018,224.0266571
20-08-2018,223.7053375
21-08-2018,223.4197845
23-08-2018,222.7771301
24-08-2018,221.6347046
27-08-2018,223.7767487
28-08-2018,222.5272369
29-08-2018,223.3483582
30-08-2018,228.3822784
31-08-2018,228.3822784
03-09-2018,223.6339264
04-09-2018,221.0634766
05-09-2018,221.5275879
06-09-2018,221.9202728
07-09-2018,221.6703491
10-09-2018,218.8856659
11-09-2018,212.2094879
12-09-2018,219.064209
14-09-2018,219.3141022
17-09-2018,215.6368713
18-09-2018,216.5293732
19-09-2018,213.9588623
21-09-2018,217.0292206
24-09-2018,212.7450867
25-09-2018,215.0299225
26-09-2018,209.3176727
27-09-2018,209.4247894
28-09-2018,212.6021729
01-10-2018,212.1380463
03-10-2018,210.7814636
04-10-2018,204.9978027
05-10-2018,197.4291077
08-10-2018,195.0728149
09-10-2018,191.7168732
10-10-2018,192.8592987
11-10-2018,189.3605652
12-10-2018,196.5008545
15-10-2018,201.7132721
16-10-2018,201.8203888
17-10-2018,204.5336456
19-10-2018,206.675766
22-10-2018,205.9974365
23-10-2018,204.2123718
24-10-2018,205.4619293
25-10-2018,205.3191376
26-10-2018,200.5708313
29-10-2018,202.4272919
30-10-2018,199.1784515
31-10-2018,199.9996033
01-11-2018,198.0717621
02-11-2018,202.2487946
05-11-2018,199.6425781
06-11-2018,198.0003357
07-11-2018,199.963913
09-11-2018,197.9646454
12-11-2018,195.536911
13-11-2018,197.6790161
14-11-2018,197.3933716
15-11-2018,196.0010071
16-11-2018,197.464798
19-11-2018,203.1413116
20-11-2018,202.6772156
21-11-2018,201.1777496
22-11-2018,200.285202
26-11-2018,203.9624634
27-11-2018,203.3912201
28-11-2018,201.4990692
29-11-2018,205.3191376
30-11-2018,204.0695343
03-12-2018,202.0345764
04-12-2018,201.2491455
05-12-2018,196.6079407
06-12-2018,194.9657135
07-12-2018,195.6797333
10-12-2018,193.1092224
11-12-2018,196.1438293
12-12-2018,197.1077728
13-12-2018,196.5722656
14-12-2018,196.8935394
17-12-2018,199.8210907
18-12-2018,198.607254
19-12-2018,202.3915863
20-12-2018,201.8203888
21-12-2018,197.6075897
24-12-2018,197.0720978
26-12-2018,197.5362091
27-12-2018,200.4637146
28-12-2018,201.5347748
31-12-2018,201.1063385
01-01-2019,201.8560791
02-01-2019,200.3566589
03-01-2019,199.1070557
04-01-2019,200.6065216
07-01-2019,201.1063385
08-01-2019,202.9627991
09-01-2019,207.3540802
10-01-2019,206.7828979
11-01-2019,210.8885345
14-01-2019,210.1388397
15-01-2019,211.7453613
16-01-2019,209.9602966
17-01-2019,209.8889313
18-01-2019,208.1038208
21-01-2019,206.9971008
22-01-2019,206.8900146
23-01-2019,198.0003357
24-01-2019,199.1427765
25-01-2019,199.3570099
28-01-2019,196.1795349
29-01-2019,198.8214264
30-01-2019,196.7150574
31-01-2019,198.9642792
01-02-2019,200.5350952
04-02-2019,197.8575287
05-02-2019,195.7511292
06-02-2019,198.2859192
07-02-2019,200.142395
08-02-2019,196.7150574
11-02-2019,197.8575287
12-02-2019,196.5722656
14-02-2019,198.4287262
15-02-2019,199.9996033
18-02-2019,196.1438293
19-02-2019,197.0006561
20-02-2019,196.9649658
21-02-2019,196.3937378
22-02-2019,195.8582306
25-02-2019,197.5719147
26-02-2019,196.7150574
27-02-2019,196.4294739
28-02-2019,197.1077728
01-03-2019,198.6429596
05-03-2019,201.7490082
06-03-2019,204.033905
07-03-2019,207.1398926
08-03-2019,208.496582
11-03-2019,209.1748962
12-03-2019,210.281662
13-03-2019,210.567215
14-03-2019,210.995636
15-03-2019,207.6396942
18-03-2019,209.6032562
19-03-2019,213.8160706
20-03-2019,213.4233551
22-03-2019,212.9235229
25-03-2019,210.6743469
26-03-2019,209.4961853
27-03-2019,209.2819977
28-03-2019,214.208786
01-04-2019,212.2451935
02-04-2019,212.7093201
03-04-2019,211.4597473
04-04-2019,210.4957886
05-04-2019,210.317337
08-04-2019,209.0320435
09-04-2019,211.566864
10-04-2019,210.424408
11-04-2019,211.6382751
12-04-2019,218.3145142
15-04-2019,218.1359558
16-04-2019,219.349823
18-04-2019,217.3504944
22-04-2019,215.4940338
23-04-2019,216.6365051
24-04-2019,218.81427
25-04-2019,217.1719818
26-04-2019,217.4576416
30-04-2019,215.1727448
02-05-2019,217.7789307
03-05-2019,217.2433929
06-05-2019,219.2070007
07-05-2019,215.5653992
08-05-2019,214.6728973
09-05-2019,214.1016693
10-05-2019,212.6021729
13-05-2019,206.5686646
14-05-2019,210.17453
15-05-2019,212.102417
16-05-2019,210.460144
17-05-2019,215.2084656
20-05-2019,219.2070007
21-05-2019,218.4215851
22-05-2019,218.2915649
23-05-2019,209.8803101
24-05-2019,211.5188446
27-05-2019,211.8101501
28-05-2019,210.3900604
29-05-2019,209.8075104
30-05-2019,210.2080078
31-05-2019,202.8527527
03-06-2019,202.8527527
04-06-2019,203.3624878
06-06-2019,200.8136444
07-06-2019,200.4495239
10-06-2019,203.4717255
11-06-2019,203.7994537
12-06-2019,203.8722687
13-06-2019,204.3456573
14-06-2019,202.4886017
17-06-2019,200.2674713
18-06-2019,200.340271
19-06-2019,201.8695831
20-06-2019,201.7239075
21-06-2019,199.7212677
24-06-2019,201.1777954
25-06-2019,202.8163452
26-06-2019,202.0152893
27-06-2019,199.1751099
28-06-2019,199.4299622
01-07-2019,200.2310486
02-07-2019,199.4299622
03-07-2019,201.5054779
04-07-2019,202.1972809
05-07-2019,203.5081635
08-07-2019,202.0516357
09-07-2019,198.8838043
10-07-2019,198.9201813
11-07-2019,200.7408142
12-07-2019,200.3038635
15-07-2019,197.3180847
16-07-2019,198.0463104
17-07-2019,198.7381439
18-07-2019,198.8109436
19-07-2019,195.3882141
22-07-2019,192.5480499
23-07-2019,197.0995941
24-07-2019,197.2452545
25-07-2019,195.0604858
26-07-2019,196.9175415
29-07-2019,194.9876709
30-07-2019,195.8251648
31-07-2019,196.7718506
01-08-2019,194.842041
02-08-2019,192.6208649
05-08-2019,189.1981201
06-08-2019,188.5427094
07-08-2019,184.7194366
08-08-2019,187.7052155
09-08-2019,185.1199341
13-08-2019,179.3668365
14-08-2019,181.151001
16-08-2019,184.2460632
19-08-2019,183.1901093
20-08-2019,179.5124664
21-08-2019,175.8348236
22-08-2019,174.8152771
23-08-2019,171.9387054
26-08-2019,176.5994873
27-08-2019,178.7842407
28-08-2019,179.1119232
29-08-2019,175.652771
30-08-2019,178.8934784
03-09-2019,175.9076538
04-09-2019,177.1456909
05-09-2019,177.8739166
06-09-2019,177.6190186
09-09-2019,178.7842407
11-09-2019,177.5097961
12-09-2019,175.3250427
13-09-2019,174.7060699
16-09-2019,174.3419495
17-09-2019,172.7397919
18-09-2019,174.2326813
19-09-2019,172.3756561
20-09-2019,173.3587952
23-09-2019,185.593338
24-09-2019,186.4308167
25-09-2019,180.2771301
26-09-2019,182.3526306
27-09-2019,184.2096558
30-09-2019,189.2345581
01-10-2019,186.3579712
03-10-2019,190.5453796
04-10-2019,187.3411255
07-10-2019,183.4449921
09-10-2019,179.9494171
10-10-2019,177.1092377
11-10-2019,177.655426
14-10-2019,177.764679
15-10-2019,180.3135376
16-10-2019,177.4369659
17-10-2019,179.0391083
18-10-2019,179.5124664
22-10-2019,181.2602386
23-10-2019,182.8259583
24-10-2019,181.3694916
25-10-2019,180.3863525
27-10-2019,182.3526306
29-10-2019,184.4281311
30-10-2019,188.9068146
31-10-2019,187.6324158
01-11-2019,190.2905121
04-11-2019,189.8899689
05-11-2019,191.4557037
06-11-2019,190.3269043
07-11-2019,193.6040344
08-11-2019,189.7078705
11-11-2019,188.943222
13-11-2019,184.865097
14-11-2019,184.9014893
15-11-2019,182.5346832
18-11-2019,182.6074982
19-11-2019,181.5515594
20-11-2019,182.571106
21-11-2019,178.9298706
22-11-2019,180.3499451
25-11-2019,180.4227753
26-11-2019,181.4423065
27-11-2019,179.8401642
28-11-2019,179.6581421
29-11-2019,179.4396515
02-12-2019,178.3836823
03-12-2019,177.7282715
04-12-2019,177.0728455
05-12-2019,179.8401642
06-12-2019,177.2184753
09-12-2019,175.8348236
10-12-2019,171.5745697
11-12-2019,173.0310516
12-12-2019,173.7229004
13-12-2019,175.9440613
16-12-2019,172.5213165
17-12-2019,175.5435486
18-12-2019,178.5293579
19-12-2019,177.9467316
20-12-2019,175.616394
23-12-2019,173.9777985
24-12-2019,173.8685455
26-12-2019,172.4484863
27-12-2019,172.5213165
30-12-2019,173.4680481
31-12-2019,173.1038818
01-01-2020,173.3951874
02-01-2020,174.669632
03-01-2020,173.6864929
06-01-2020,171.2104797
07-01-2020,171.3925171
08-01-2020,170.555069
09-01-2020,171.7202759
10-01-2020,173.3223877
13-01-2020,174.2326813
14-01-2020,177.1456909
15-01-2020,176.5266724
16-01-2020,175.3250427
17-01-2020,174.7424774
20-01-2020,176.1625366
21-01-2020,173.6500854
22-01-2020,173.3587952
23-01-2020,173.2495422
24-01-2020,173.4316101
27-01-2020,170.846344
28-01-2020,168.0426025
29-01-2020,172.3392487
30-01-2020,170.445816
31-01-2020,171.2468719
03-02-2020,151.1837311
04-02-2020,157.0460968
05-02-2020,157.6287231
06-02-2020,155.5167847
07-02-2020,155.4075623
10-02-2020,153.3320618
11-02-2020,154.8249512
12-02-2020,155.1526489
13-02-2020,154.315155
14-02-2020,151.256546
17-02-2020,149.1446381
18-02-2020,148.4528046
19-02-2020,150.5283051
20-02-2020,151.0744629
24-02-2020,147.8338013
25-02-2020,146.9599152
26-02-2020,144.6295013
27-02-2020,143.8648529
28-02-2020,143.8648529
02-03-2020,142.2263031
03-03-2020,141.1703491
04-03-2020,136.54599
05-03-2020,136.9465485
06-03-2020,132.3585815
09-03-2020,129.0450745
11-03-2020,127.9162674
12-03-2020,113.4606094
13-03-2020,118.1577911
16-03-2020,107.2341385
17-03-2020,108.6177826
18-03-2020,109.746582
19-03-2020,117.8665085
20-03-2020,127.807045
23-03-2020,112.368248
24-03-2020,109.0183182
25-03-2020,107.3069305
26-03-2020,113.8975677
27-03-2020,118.8496628
30-03-2020,115.9366608
31-03-2020,125.0397263
01-04-2020,121.1800232
03-04-2020,129.5548096
07-04-2020,132.2129211
08-04-2020,130.1010284
09-04-2020,134.9074554
13-04-2020,132.2493439
15-04-2020,137.8932495
16-04-2020,135.7084961
17-04-2020,136.9829559
20-04-2020,131.5939178
21-04-2020,130.7928619
22-04-2020,132.722702
23-04-2020,131.4846802
24-04-2020,131.1206055
27-04-2020,130.9749146
28-04-2020,130.6836243
29-04-2020,132.6498718
30-04-2020,132.5770569
04-05-2020,126.7511139
05-05-2020,126.6418304
06-05-2020,119.3593979
07-05-2020,117.2474976
08-05-2020,115.244812
11-05-2020,115.3904648
12-05-2020,120.1968765
13-05-2020,120.4517746
14-05-2020,119.2865829
15-05-2020,119.9055862
18-05-2020,119.9784317
19-05-2020,124.3479004
20-05-2020,127.9891129
21-05-2020,137.601944
22-05-2020,135.7084961
26-05-2020,139.604599
27-05-2020,139.9323425
28-05-2020,138.8399506
29-05-2020,143.719223
01-06-2020,146.0495911
02-06-2020,143.6463776
03-06-2020,143.2458496
04-06-2020,145.7583008
05-06-2020,145.6490479
08-06-2020,143.9376984
09-06-2020,144.5566864
10-06-2020,144.9572144
11-06-2020,141.4616394
12-06-2020,141.2067566
15-06-2020,136.3275146
16-06-2020,134.7253876
17-06-2020,131.9580536
18-06-2020,135.8905487
19-06-2020,134.0335541
22-06-2020,134.7253876
23-06-2020,135.3443909
24-06-2020,139.7138672
25-06-2020,147.1783752
26-06-2020,142.1534729
29-06-2020,143.6463776
30-06-2020,141.7529449
01-07-2020,147.7609711
02-07-2020,149.9093018
03-07-2020,151.1472931
06-07-2020,153.2885437
07-07-2020,149.0305176
08-07-2020,150.603302
09-07-2020,149.9511414
10-07-2020,149.1072235
13-07-2020,151.5622864
14-07-2020,150.2964172
15-07-2020,152.4445953
16-07-2020,148.7236176
17-07-2020,148.8770447
20-07-2020,147.8413544
21-07-2020,147.4960785
22-07-2020,150.7950897
23-07-2020,153.9790344
24-07-2020,153.1350708
27-07-2020,150.6799774
28-07-2020,149.9128265
29-07-2020,150.9101563
30-07-2020,148.3400269
31-07-2020,148.9537811
03-08-2020,147.7646179
04-08-2020,148.5702057
05-08-2020,147.9180603
06-08-2020,149.8744507
07-08-2020,150.4114838
10-08-2020,152.5596771
11-08-2020,155.7819977
12-08-2020,156.6642456
13-08-2020,154.5544281
14-08-2020,150.6799774
17-08-2020,152.4829559
18-08-2020,152.3295441
19-08-2020,152.2527924
20-08-2020,150.2196808
21-08-2020,150.986908
24-08-2020,150.9101563
25-08-2020,149.9128265
26-08-2020,149.5675507
27-08-2020,149.0305176
28-08-2020,150.0278931
31-08-2020,146.6137848
01-09-2020,145.9232941
02-09-2020,146.805603
03-09-2020,146.9973907
04-09-2020,143.2380676
07-09-2020,145.0793762
08-09-2020,144.3505249
09-09-2020,141.0131836
10-09-2020,141.8571014
11-09-2020,141.1282654
14-09-2020,140.6679535
15-09-2020,139.4787445
16-09-2020,138.5964813
17-09-2020,137.0236816
18-09-2020,137.4072418
21-09-2020,134.8371429
22-09-2020,133.6479492
23-09-2020,132.343689
24-09-2020,127.778801
25-09-2020,131.0010986
28-09-2020,132.9574738
29-09-2020,129.965332
30-09-2020,131.7299347
01-10-2020,131.0777893
05-10-2020,129.8502502
06-10-2020,130.3489227
07-10-2020,130.0420532
08-10-2020,128.2391052
09-10-2020,128.7761993
12-10-2020,132.1135406
13-10-2020,130.5407562
14-10-2020,128.737793
15-10-2020,126.6279755
16-10-2020,127.1266785
19-10-2020,129.0830383
20-10-2020,128.4692993
21-10-2020,128.6227112
22-10-2020,129.3132172
23-10-2020,131.0010986
26-10-2020,129.3132172
27-10-2020,128.2775116
28-10-2020,126.9732208
29-10-2020,125.7073288
30-10-2020,126.7814102
02-11-2020,127.9322281
03-11-2020,130.5024109
04-11-2020,130.2722168
05-11-2020,134.0699005
06-11-2020,133.4561462
09-11-2020,132.5738678
10-11-2020,136.8318634
11-11-2020,142.1639862
12-11-2020,144.2354431
13-11-2020,143.5449524
14-11-2020,144.6957703
17-11-2020,143.7367706
18-11-2020,141.2049713
19-11-2020,144.1587219
20-11-2020,147.0741119
23-11-2020,146.4219818
24-11-2020,150.0278931
25-11-2020,148.7236176
26-11-2020,149.4524536
27-11-2020,148.5702057
01-12-2020,149.1455688
02-12-2020,150.3347626
03-12-2020,150.5265808
04-12-2020,152.0609741
07-12-2020,155.8586731
08-12-2020,155.3216553
09-12-2020,157.5849152
10-12-2020,163.1855469
11-12-2020,165.9474945
14-12-2020,165.6406097
15-12-2020,163.8376617
16-12-2020,164.1828918
17-12-2020,163.4540253
18-12-2020,164.5665131
21-12-2020,155.7052612
22-12-2020,156.0504913
23-12-2020,159.3878479
24-12-2020,160.039978
28-12-2020,160.730484
29-12-2020,162.3032532
30-12-2020,161.9963531
31-12-2020,160.3468475
01-01-2021,164.0678101
04-01-2021,163.72258
05-01-2021,162.2265015
06-01-2021,157.5849152
07-01-2021,155.5901337
08-01-2021,154.5927734
11-01-2021,155.3600159
12-01-2021,158.3904572
13-01-2021,162.0731049
14-01-2021,164.2979889
15-01-2021,167.1366577
18-01-2021,168.5943756
19-01-2021,167.9039001
20-01-2021,166.9832153
21-01-2021,163.9527283
22-01-2021,161.6511078
25-01-2021,159.4261932
27-01-2021,161.6127472
28-01-2021,158.5055695
29-01-2021,155.9353943
01-02-2021,165.6789551
02-02-2021,167.4051971
03-02-2021,166.2927399
04-02-2021,176.4199066
05-02-2021,179.7956085
08-02-2021,178.8366241
09-02-2021,175.6910553
10-02-2021,174.578598
11-02-2021,173.7346802
12-02-2021,166.8297882
15-02-2021,167.7120819
16-02-2021,167.4435577
17-02-2021,167.0599365
18-02-2021,167.9039001
19-02-2021,165.6789551
22-02-2021,162.7644958
23-02-2021,163.9043884
24-02-2021,164.1795044
25-02-2021,164.4153595
26-02-2021,160.2489319
01-03-2021,162.6465912
02-03-2021,165.0049286
03-03-2021,165.0442352
04-03-2021,164.847702
05-03-2021,163.9436798
08-03-2021,163.511322
09-03-2021,163.3540955
10-03-2021,162.3321381
12-03-2021,161.3101959
15-03-2021,161.5067139
16-03-2021,163.3934021
17-03-2021,165.555191
18-03-2021,171.09729
19-03-2021,175.2636871
22-03-2021,177.6613312
23-03-2021,174.6741028
24-03-2021,169.7608795
25-03-2021,166.3413239
26-03-2021,165.7910461
30-03-2021,168.6603546
31-03-2021,171.7654877
01-04-2021,172.9839478
05-04-2021,167.0881195
06-04-2021,167.1667328
07-04-2021,168.0707397
08-04-2021,167.6383972
09-04-2021,167.5204773
12-04-2021,161.3888245
13-04-2021,164.0615845
15-04-2021,162.4893646
16-04-2021,163.4720001
19-04-2021,161.6246338
20-04-2021,160.0131226
22-04-2021,161.8605042
23-04-2021,161.4281311
26-04-2021,161.3888245
27-04-2021,161.4674377
28-04-2021,161.546051
29-04-2021,160.6026917
30-04-2021,159.2663269
03-05-2021,157.969223
04-05-2021,156.907959
05-05-2021,158.3229828
06-05-2021,159.3842163
07-05-2021,161.4281311
10-05-2021,161.5853729
11-05-2021,160.3668671
12-05-2021,159.7772522
14-05-2021,166.8522797
17-05-2021,167.1274261
18-05-2021,165.1228333
19-05-2021,163.3148041
20-05-2021,162.7252197
21-05-2021,164.336731
24-05-2021,166.2627106
25-05-2021,165.7910461
26-05-2021,165.555191
27-05-2021,165.9875793
28-05-2021,167.3632813
31-05-2021,170.2718811
01-06-2021,169.2106323
02-06-2021,164.2974243
03-06-2021,164.336731
04-06-2021,164.1008911
07-06-2021,166.2234344
08-06-2021,167.9528503
09-06-2021,167.0488281
10-06-2021,169.2905121
11-06-2021,168.1580963
14-06-2021,167.6728363
15-06-2021,167.4705963
16-06-2021,168.1176758
17-06-2021,166.3382111
18-06-2021,165.4484863
21-06-2021,165.3675842
22-06-2021,165.8933716
23-06-2021,164.9631958
24-06-2021,164.3970184
25-06-2021,165.8529205
28-06-2021,164.6800842
29-06-2021,164.4374542
30-06-2021,163.9521332
01-07-2021,164.1947784
02-07-2021,163.7094727
05-07-2021,164.72052
06-07-2021,163.7903595
07-07-2021,164.8014374
08-07-2021,163.3859253
09-07-2021,162.8601837
12-07-2021,162.6579895
13-07-2021,163.2646179
14-07-2021,165.0845337
15-07-2021,166.8235168
16-07-2021,168.1580963
19-07-2021,168.0368042
20-07-2021,167.2683716
22-07-2021,167.4301453
23-07-2021,171.7978668
26-07-2021,170.78685
27-07-2021,168.7647247
28-07-2021,169.1287079
29-07-2021,166.6617584
30-07-2021,165.7720337
02-08-2021,167.6728363
03-08-2021,169.7757874
04-08-2021,168.7243042
05-08-2021,174.1030884
06-08-2021,173.2942505
09-08-2021,172.9302826
10-08-2021,169.7353516
11-08-2021,168.7647247
12-08-2021,168.9669495
13-08-2021,171.0295105
16-08-2021,170.5846252
17-08-2021,169.2095947
18-08-2021,169.0074005
20-08-2021,168.9669495
23-08-2021,166.8639526
24-08-2021,166.4190979
25-08-2021,166.9448547
26-08-2021,165.4889374
27-08-2021,166.5404205
30-08-2021,168.2389832
31-08-2021,170.9081573
01-09-2021,169.4522705
02-09-2021,169.6544647
03-09-2021,170.3419952
06-09-2021,169.2905121
07-09-2021,171.2721405
08-09-2021,170.8677063
09-09-2021,172.0001068
13-09-2021,173.2133789
14-09-2021,174.7906189
15-09-2021,174.7097321
16-09-2021,186.6401215
17-09-2021,186.9636688
20-09-2021,189.0666809
21-09-2021,195.3351746
22-09-2021,196.9528503
23-09-2021,196.1440125
24-09-2021,192.8682251
27-09-2021,193.0704346
28-09-2021,192.3020172
29-09-2021,192.5850983
30-09-2021,191.0078888
01-10-2021,190.3607941
04-10-2021,191.3718719
05-10-2021,189.8350372
06-10-2021,187.0445557
07-10-2021,188.4195862
08-10-2021,187.4085236
11-10-2021,192.5446777
12-10-2021,195.1733704
13-10-2021,201.5632629
14-10-2021,207.5082245
18-10-2021,212.3612671
19-10-2021,198.9345398
20-10-2021,199.4602814
21-10-2021,197.9234772
22-10-2021,191.3718719
25-10-2021,188.7835846
26-10-2021,191.4527435
27-10-2021,192.8682251
28-10-2021,182.0701752
29-10-2021,180.533371
01-11-2021,183.4856567
02-11-2021,182.4745941
03-11-2021,179.9267578
04-11-2021,183.2430267
08-11-2021,185.8717194
09-11-2021,185.0224609
10-11-2021,186.7210236
11-11-2021,186.033493
12-11-2021,188.3791351
15-11-2021,192.5850983
16-11-2021,190.4416962
17-11-2021,193.7174988
18-11-2021,192.0998077
22-11-2021,186.7614441
23-11-2021,187.3276367
24-11-2021,184.1731567
25-11-2021,187.0850067
26-11-2021,181.1804352
29-11-2021,179.1583557
30-11-2021,178.8752594
01-12-2021,179.4819031
02-12-2021,182.3532715
03-12-2021,179.2796631
06-12-2021,176.246521
07-12-2021,178.4708557
08-12-2021,181.9488525
09-12-2021,190.4012451
10-12-2021,190.9674225
13-12-2021,189.7541962
14-12-2021,184.901123
15-12-2021,181.220871
16-12-2021,180.2907104
17-12-2021,176.2869873
20-12-2021,171.7978668
21-12-2021,171.8787994
22-12-2021,171.4743652
23-12-2021,175.7612305
24-12-2021,176.3274231
27-12-2021,175.9634247
28-12-2021,177.9855347
29-12-2021,175.3163605
30-12-2021,174.7097321
31-12-2021,176.3678436
03-01-2022,177.2171326
04-01-2022,178.1473083
05-01-2022,178.3899536
06-01-2022,176.8936005
07-01-2022,176.6509552
10-01-2022,180.6142578
11-01-2022,179.5223389
12-01-2022,180.1694031
13-01-2022,181.1400146
14-01-2022,180.0480957
17-01-2022,181.6657715
18-01-2022,178.551712
19-01-2022,178.2281799
20-01-2022,176.9340515
21-01-2022,175.5589905
24-01-2022,171.3125916
25-01-2022,173.3347015
27-01-2022,173.5773468
28-01-2022,176.0038452
31-01-2022,178.1068573
01-02-2022,184.2136078
02-02-2022,187.7725067
03-02-2022,189.6328278
04-02-2022,189.5115204
07-02-2022,186.1952667
08-02-2022,187.0445557
09-02-2022,186.1548309
10-02-2022,187.8533783
11-02-2022,188.0151672
14-02-2022,181.7635498
15-02-2022,184.7039185
16-02-2022,184.4968262
17-02-2022,184.4140167
18-02-2022,183.7928162
21-02-2022,180.5625763
22-02-2022,177.9535217
23-02-2022,178.8645935
24-02-2022,172.6940002
25-02-2022,177.2080536
28-02-2022,178.7817841
02-03-2022,178.3262482
03-03-2022,181.7221375
04-03-2022,186.7745667
07-03-2022,186.3190308
08-03-2022,187.9341431
09-03-2022,189.8805695
10-03-2022,192.1583099
11-03-2022,195.7612762
14-03-2022,197.9562073
15-03-2022,197.0036926
16-03-2022,200.937973
17-03-2022,202.8429871
21-03-2022,202.5116577
22-03-2022,206.8600922
23-03-2022,208.7237091
24-03-2022,211.084259
25-03-2022,209.8418579
28-03-2022,212.9064484
29-03-2022,210.8771973
30-03-2022,206.4045563
31-03-2022,207.605545
01-04-2022,209.8004303
04-04-2022,211.5812378
05-04-2022,214.8942719
06-04-2022,215.0185394
07-04-2022,212.5751343
08-04-2022,221.8103485
11-04-2022,221.5618591
12-04-2022,219.3255157
13-04-2022,223.2598114
18-04-2022,223.7153625
19-04-2022,216.6336365
20-04-2022,214.9771118
21-04-2022,215.6811371
22-04-2022,216.2609253
25-04-2022,211.4155579
26-04-2022,214.4801483
27-04-2022,213.2791748
28-04-2022,216.2609253
29-04-2022,214.9771118
02-05-2022,217.9588928
04-05-2022,215.1427612
05-05-2022,217.0477753
06-05-2022,220.8578186
09-05-2022,217.7932434
10-05-2022,215.1427612
11-05-2022,211.7468719
12-05-2022,209.4691467
13-05-2022,214.1902618
16-05-2022,210.4630585
17-05-2022,219.2427216
18-05-2022,220.9820862
19-05-2022,228.3122559
20-05-2022,231.9152222
23-05-2022,227.359726
24-05-2022,224.3365479
25-05-2022,225.868866
26-05-2022,226.2852173
27-05-2022,228.4063721
30-05-2022,228.2790833
31-05-2022,229.6366425
01-06-2022,230.6548004
02-06-2022,232.0547638
03-06-2022,231.3759766
06-06-2022,233.1577454
07-06-2022,232.3941345
08-06-2022,227.3033752
09-06-2022,229.8063354
10-06-2022,229.2124176
13-06-2022,224.5458527
14-06-2022,225.2246094
15-06-2022,223.4852753
16-06-2022,221.1944122
17-06-2022,223.4004211
20-06-2022,224.0792084
21-06-2022,229.0002899
22-06-2022,225.0973358
23-06-2022,225.2670288
24-06-2022,225.5640106
27-06-2022,229.0427094
28-06-2022,230.6548004
29-06-2022,232.5214081
30-06-2022,232.0547638
01-07-2022,241.2605896
04-07-2022,247.6664886
05-07-2022,243.424118
06-07-2022,245.4604645
07-07-2022,247.7088776
08-07-2022,248.6422119
11-07-2022,250.2967377
12-07-2022,248.3452454
13-07-2022,249.4906769
14-07-2022,246.7756195
15-07-2022,249.0664063
18-07-2022,250.5512543
19-07-2022,249.9573364
20-07-2022,253.0118103
21-07-2022,254.157196
22-07-2022,255.0056915
25-07-2022,255.4723511
26-07-2022,256.6177368
27-07-2022,258.0601196
28-07-2022,257.4662476
29-07-2022,257.1268311
01-08-2022,260.9024963
02-08-2022,262.9812317
03-08-2022,261.453949
04-08-2022,262.5994568
05-08-2022,263.744873
08-08-2022,265.6963501
10-08-2022,264.0418091
11-08-2022,259.8419189
12-08-2022,261.793335
16-08-2022,263.4903259
17-08-2022,265.1872864
18-08-2022,267.8174744
19-08-2022,264.7206116
22-08-2022,266.7568665
23-08-2022,268.0296326
24-08-2022,266.5023499
25-08-2022,265.0175171
26-08-2022,265.4841919
29-08-2022,266.0357056
30-08-2022,271.9325562
01-09-2022,269.4719849
02-09-2022,274.1809387
05-09-2022,279.0172119
06-09-2022,277.5747986
07-09-2022,276.6838989
08-09-2022,279.9080811
09-09-2022,280.4171753
12-09-2022,280.7565308
13-09-2022,283.7261658
14-09-2022,284.5321655
15-09-2022,283.4716492
16-09-2022,281.0959167
19-09-2022,284.7443542
20-09-2022,285.0837402
21-09-2022,289.2835999
22-09-2022,292.7623291
23-09-2022,293.9077454
26-09-2022,282.1989441
27-09-2022,284.1079712
28-09-2022,275.7081909
29-09-2022,282.580719
30-09-2022,281.8595581
03-10-2022,275.2414856
04-10-2022,282.4110718
06-10-2022,285.6352234
07-10-2022,283.4716492
10-10-2022,278.1687622
11-10-2022,276.8536682
12-10-2022,280.0777893
13-10-2022,278.8474731
14-10-2022,281.7747192
17-10-2022,281.9019775
18-10-2022,288.7320862
19-10-2022,293.8653259
20-10-2022,296.7077026
21-10-2022,293.2290344
24-10-2022,295.0107117
25-10-2022,293.8228455
27-10-2022,293.3986816
28-10-2022,293.3986816
31-10-2022,295.8592224
01-11-2022,296.5379333
02-11-2022,300.9075317
03-11-2022,300.1015015
04-11-2022,300.0166626
07-11-2022,299.9318237
09-11-2022,306.0407104
10-11-2022,302.0529785
11-11-2022,302.3499451
14-11-2022,294.5865479
15-11-2022,292.9320068
16-11-2022,291.9562683
17-11-2022,291.6168823
18-11-2022,289.3684692
21-11-2022,286.1018677
22-11-2022,288.6896362
23-11-2022,288.3078918
24-11-2022,289.1139221
25-11-2022,288.7320862
28-11-2022,288.519989
29-11-2022,290.4290466
30-11-2022,288.4775696
01-12-2022,288.0957642
02-12-2022,286.0594788
05-12-2022,285.7200623
06-12-2022,286.1867371
07-12-2022,288.5624695
08-12-2022,287.1200256
09-12-2022,289.6654053
12-12-2022,291.192627
13-12-2022,293.2290344
14-12-2022,293.0592346
15-12-2022,287.5018616
16-12-2022,284.3200989
19-12-2022,288.901825
20-12-2022,288.6048279
21-12-2022,284.3625183
22-12-2022,282.0716858
23-12-2022,277.1930237
26-12-2022,283.895874
27-12-2022,282.6656189
28-12-2022,283.7261658
29-12-2022,284.5321655
30-12-2022,281.3080444
02-01-2023,282.4110718
03-01-2023,280.9262695
04-01-2023,277.4475403
05-01-2023,282.9201355
06-01-2023,284.2776794
09-01-2023,286.8230591
10-01-2023,282.8777466
11-01-2023,281.5201721
12-01-2023,279.8656006
13-01-2023,278.932373
16-01-2023,280.1626282
17-01-2023,281.9019775
18-01-2023,283.9382629
19-01-2023,281.8171387
20-01-2023,283.895874
23-01-2023,286.5684814
24-01-2023,287.5867004
25-01-2023,287.841217
27-01-2023,293.5683289
30-01-2023,292.5502014
31-01-2023,298.9560852
01-02-2023,306.6346741
02-02-2023,321.228302
03-02-2023,322.9676208
06-02-2023,325.3008728
07-02-2023,316.6889648
08-02-2023,318.6404724
09-02-2023,317.5374146
10-02-2023,315.0769043
13-02-2023,317.4949951
14-02-2023,327.8887024
15-02-2023,329.5971375
16-02-2023,329.8989563
17-02-2023,330.631958
20-02-2023,331.1924744
21-02-2023,329.6402283
22-02-2023,331.019989
23-02-2023,334.2539063
24-02-2023,332.0979614
27-02-2023,329.5971375
28-02-2023,324.8540649
01-03-2023,326.5788269
02-03-2023,323.8623657
03-03-2023,331.9686279
06-03-2023,334.7281799
08-03-2023,338.3932495
09-03-2023,334.1676941
10-03-2023,334.598877
13-03-2023,330.8475342
14-03-2023,327.4411926
15-03-2023,327.1824951
16-03-2023,328.9503479
17-03-2023,323.8623657
20-03-2023,326.6650696
21-03-2023,325.0696716
22-03-2023,325.7595825
23-03-2023,328.2604675
24-03-2023,326.5788269
27-03-2023,327.8723755
28-03-2023,327.4843445
29-03-2023,330.0714111
31-03-2023,330.7182007
03-04-2023,326.7513123
05-04-2023,333.2190552
06-04-2023,334.0383301
10-04-2023,335.0731506
11-04-2023,341.4978027
12-04-2023,339.3849792
13-04-2023,341.1528625
17-04-2023,345.0765991
18-04-2023,343.6536865
19-04-2023,343.8692932
20-04-2023,345.2059937
21-04-2023,352.0617676
24-04-2023,352.4498596
25-04-2023,354.9076233
26-04-2023,355.5112915
27-04-2023,358.7451782
28-04-2023,366.9807739
02-05-2023,366.0321655
03-05-2023,368.3605652
04-05-2023,366.161499
05-05-2023,369.7403564
08-05-2023,372.0687256
09-05-2023,365.4716492
10-05-2023,366.8082886
11-05-2023,362.5396118
12-05-2023,362.5826721
15-05-2023,368.9210815
16-05-2023,365.6009521
17-05-2023,368.7486572
18-05-2023,361.9359131
19-05-2023,362.0652466
22-05-2023,366.2908936
23-05-2023,370.0852966
24-05-2023,373.8366394
25-05-2023,380.4337463
26-05-2023,382.5465088
29-05-2023,387.2895203
30-05-2023,396.6940918
31-05-2023,392.8143921
01-06-2023,387.7003174
02-06-2023,390.962738
05-06-2023,388.5379944
06-06-2023,390.4337158
07-06-2023,391.4477234
08-06-2023,390.5218811
09-06-2023,386.598175
12-06-2023,385.2755127
13-06-2023,392.7262268
14-06-2023,391.9326782
15-06-2023,395.1069336
16-06-2023,399.5156555
19-06-2023,399.9564819
20-06-2023,399.2951965
21-06-2023,394.1810913
22-06-2023,394.7101746
23-06-2023,392.1531067
26-06-2023,392.9907532
27-06-2023,392.4617004
28-06-2023,396.209137
30-06-2023,398.1930237
03-07-2023,408.465271
04-07-2023,411.1986389
05-07-2023,418.9138184
06-07-2023,417.8557739
07-07-2023,413.0061951
10-07-2023,410.757782
11-07-2023,417.1944885
12-07-2023,416.4450073
13-07-2023,416.180481
14-07-2023,416.9740295
17-07-2023,416.4890747
18-07-2023,416.6213684
19-07-2023,422.2204285
20-07-2023,433.9475403
21-07-2023,432.4485474
24-07-2023,415.6073303
25-07-2023,407.627594
26-07-2023,416.4009399
27-07-2023,410.0523987
28-07-2023,413.0503235
31-07-2023,410.6255188
01-08-2023,409.8319702
02-08-2023,405.6877747
03-08-2023,402.1167603
04-08-2023,401.1468506
07-08-2023,401.1027832
08-08-2023,398.8543396
09-08-2023,404.4092712
10-08-2023,398.3252869
11-08-2023,395.6800537
14-08-2023,396.0768433
16-08-2023,397.002655
17-08-2023,388.8466187
18-08-2023,389.4197388
21-08-2023,394.8424072
22-08-2023,400.5295715
23-08-2023,397.1789856
24-08-2023,397.5758057
25-08-2023,390.9186707
28-08-2023,389.1992493
29-08-2023,388.053009
30-08-2023,390.4337158
31-08-2023,387.7003174
01-09-2023,388.8906555
04-09-2023,385.7605286
05-09-2023,390.6982727
06-09-2023,394.533783
07-09-2023,393.1671143
08-09-2023,390.3014832
11-09-2023,394.3133545
12-09-2023,397.7962646
13-09-2023,399.8683472
14-09-2023,396.7381287
15-09-2023,395.3273621
18-09-2023,398.5898132
20-09-2023,399.3833923
21-09-2023,394.5779114
22-09-2023,390.6982727
25-09-2023,390.2573853
26-09-2023,390.1251221
27-09-2023,396.0327454
28-09-2023,388.6261902
29-09-2023,391.8445129
03-10-2023,387.7444153
04-10-2023,384.526062
05-10-2023,384.4819946
06-10-2023,389.8605957
09-10-2023,388.3616333
10-10-2023,391.8445129
11-10-2023,395.2391968
12-10-2023,397.3994751
13-10-2023,395.3273621
16-10-2023,395.8564453
17-10-2023,399.8242493
18-10-2023,398.2371216
19-10-2023,397.1349792
20-10-2023,386.4659119
23-10-2023,384.3497009
25-10-2023,381.5281677
26-10-2023,382.9830322
27-10-2023,382.4539795
30-10-2023,379.5442505
31-10-2023,377.7366638
01-11-2023,377.4721985
02-11-2023,380.161499
03-11-2023,382.013092
06-11-2023,383.8647766
07-11-2023,381.5281677
08-11-2023,385.2755127
09-11-2023,383.0271301
10-11-2023,384.9228516
13-11-2023,384.4378967
15-11-2023,389.6842346
16-11-2023,386.7745056
17-11-2023,387.3035278
20-11-2023,385.14328
21-11-2023,384.6583862
22-11-2023,387.7003174
23-11-2023,388.2734375
24-11-2023,386.0250244
28-11-2023,383.7765808
29-11-2023,385.4960022
30-11-2023,384.2615356
01-12-2023,396.605896
04-12-2023,400.353302
05-12-2023,398.3252869
06-12-2023,408.465271
07-12-2023,403.9243164
08-12-2023,396.0327454
11-12-2023,398.9424744
12-12-2023,399.5156555
13-12-2023,401.7640686
14-12-2023,405.6877747
15-12-2023,404.0124817
18-12-2023,398.2371216
19-12-2023,402.1608276
20-12-2023,397.6639709
21-12-2023,398.0607605
22-12-2023,401.3672791
26-12-2023,402.4694214
27-12-2023,403.0426025
28-12-2023,409.2147522
29-12-2023,407.4512634
01-01-2024,412.6976013
02-01-2024,414.7256165
03-01-2024,420.8096008
04-01-2024,420.0601196
05-01-2024,417.8999023
08-01-2024,410.4491577
09-01-2024,409.6115417
10-01-2024,408.5093079
11-01-2024,407.9362488
12-01-2024,411.5072937
15-01-2024,412.3008423
16-01-2024,416.4450073
17-01-2024,411.4190979
18-01-2024,410.4491577
19-01-2024,415.7395935
23-01-2024,404.9824219
24-01-2024,408.7738953
25-01-2024,401.7640686
29-01-2024,396.605896
30-01-2024,386.2454529
31-01-2024,389.3315735
01-02-2024,390.5218811
02-02-2024,388.053009
05-02-2024,386.2454529
06-02-2024,380.381897
07-02-2024,380.7345886
08-02-2024,371.1029358
09-02-2024,371.9533691
12-02-2024,364.2099304
13-02-2024,364.1203918
14-02-2024,368.4173584
15-02-2024,361.5691528
16-02-2024,362.1957703
19-02-2024,366.3583984
20-02-2024,363.5385742
21-02-2024,361.0767517
22-02-2024,371.0134277
23-02-2024,368.2830811
26-02-2024,366.3136597
27-02-2024,368.0592651
28-02-2024,365.5079651
29-02-2024,363.7175598
01-03-2024,366.5821838
04-03-2024,366.2240906
05-03-2024,363.583313
06-03-2024,365.1051331
07-03-2024,370.2077332
11-03-2024,366.4927063
12-03-2024,362.0614624
13-03-2024,378.1749878
14-03-2024,375.668457
15-03-2024,375.1760559
18-03-2024,373.6990051
19-03-2024,366.6269836
20-03-2024,372.1324158
21-03-2024,377.100769
22-03-2024,383.6803894
26-03-2024,382.8299866
27-03-2024,383.1433105
28-03-2024,383.4566345
01-04-2024,381.9795837
02-04-2024,381.2186279
03-04-2024,380.6367493
04-04-2024,378.4435425
05-04-2024,382.7404785
08-04-2024,384.1279907
09-04-2024,381.6662598
10-04-2024,391.1552734
12-04-2024,385.0231934
15-04-2024,381.2633667
16-04-2024,381.2633667
18-04-2024,374.9522705
19-04-2024,380.2339172
22-04-2024,380.7262878
23-04-2024,384.2175598
24-04-2024,383.9489746
25-04-2024,391.6924133
26-04-2024,393.8856201
29-04-2024,392.274292
30-04-2024,389.9915466
02-05-2024,392.990448
03-05-2024,390.7076721
06-05-2024,389.1858826
07-05-2024,394.1989441
08-05-2024,394.7808533
09-05-2024,380.5472107
10-05-2024,387.9325867
13-05-2024,386.5898132
14-05-2024,384.6651306
15-05-2024,382.9642639
16-05-2024,386.2316895
17-05-2024,390.5734253
21-05-2024,389.2306213
22-05-2024,393.7961731
23-05-2024,395.0941467
24-05-2024,390.4838867
27-05-2024,386.2764893
28-05-2024,384.0385132
29-05-2024,385.7841187
30-05-2024,379.4282532
31-05-2024,381.7557068
03-06-2024,385.2470093
04-06-2024,378.5358582
05-06-2024,392.3024902
06-06-2024,396.9521179
07-06-2024,400.3710022
10-06-2024,398.3196716
11-06-2024,394.7640686
12-06-2024,394.1258545
13-06-2024,392.3024902
14-06-2024,393.0774536
18-06-2024,390.8893738
19-06-2024,386.2397156
20-06-2024,385.9206238
21-06-2024,382.5473633
24-06-2024,385.9206238
25-06-2024,385.9206238
26-06-2024,386.5132141
27-06-2024,388.0175476
28-06-2024,387.3793335
01-07-2024,391.1629028
02-07-2024,387.9263611
03-07-2024,390.4790955
04-07-2024,391.1629028
05-07-2024,395.3566895
08-07-2024,404.4280396
09-07-2024,412.6332703
10-07-2024,411.5848694
11-07-2024,418.1490479
12-07-2024,418.5137634
15-07-2024,422.4796448
16-07-2024,424.4397583
18-07-2024,428.7247009
19-07-2024,432.6450195
22-07-2024,425.3514404
23-07-2024,448.7364197
24-07-2024,450.4230652
25-07-2024,446.6851196
26-07-2024,457.8533936
29-07-2024,452.2464294
30-07-2024,446.6395569
31-07-2024,451.6083069
01-08-2024,450.1040039
02-08-2024,445.9101868
05-08-2024,443.0839233
06-08-2024,443.3574524
07-08-2024,449.1466675
08-08-2024,451.0612488
09-08-2024,452.1097107
12-08-2024,450.924469
13-08-2024,446.7306824
14-08-2024,448.7364197
16-08-2024,458.2636108
19-08-2024,457.1696472
20-08-2024,454.7536316
21-08-2024,460.770813
22-08-2024,459.9959106
23-08-2024,461.135498
26-08-2024,461.0443115
27-08-2024,456.3946838
28-08-2024,453.3861084
29-08-2024,460.4973145
30-08-2024,457.579895
02-09-2024,465.0101929
03-09-2024,464.4176025
04-09-2024,461.6369324
05-09-2024,466.0586548
06-09-2024,457.397522
09-09-2024,466.5600891
10-09-2024,468.2467346
11-09-2024,468.930481
12-09-2024,473.6257019
13-09-2024,468.4746399
16-09-2024,465.9674988
17-09-2024,462.9132996
18-09-2024,462.5486145
19-09-2024,463.3691406
20-09-2024,468.9760742
23-09-2024,471.3008728
24-09-2024,469.7510376
25-09-2024,471.8479004
26-09-2024,476.5887451
27-09-2024,476.5431519
30-09-2024,472.3949585
01-10-2024,470.617157
03-10-2024,467.4717712
04-10-2024,459.084198
07-10-2024,465.1469727
08-10-2024,463.0956421
09-10-2024,448.2805786
10-10-2024,448.5997009
11-10-2024,445.0896301
14-10-2024,453.0669861
15-10-2024,454.5257263
16-10-2024,449.6481323
17-10-2024,445.7278442
18-10-2024,443.7221069
21-10-2024,440.9414368
22-10-2024,439.2547913
23-10-2024,437.9328308
24-10-2024,430.0466919
25-10-2024,439.7106628
28-10-2024,441.3972778
29-10-2024,444.8617249
30-10-2024,448.1438293
31-10-2024,445.6366882
01-11-2024,447.0042419
04-11-2024,441.8075256
05-11-2024,437.7961121
06-11-2024,438.6166077
07-11-2024,435.6991577
08-11-2024,435.8359375
11-11-2024,434.8330688
12-11-2024,431.0951233
13-11-2024,430.502533
14-11-2024,424.8044434
18-11-2024,425.3514404
19-11-2024,426.08078
21-11-2024,416.7815247
22-11-2024,432.7362061
25-11-2024,434.6963196
26-11-2024,434.8786926
27-11-2024,434.8330688
28-11-2024,432.9640808
29-11-2024,434.6507568
02-12-2024,435.0610046
03-12-2024,430.8216553
04-12-2024,425.8529053
05-12-2024,426.2175903
06-12-2024,429.5452576
09-12-2024,423.8927307
10-12-2024,424.3486023
11-12-2024,424.1662292
12-12-2024,419.9268799
13-12-2024,428.4967957
16-12-2024,428.5879822
17-12-2024,428.0865173
18-12-2024,428.9526672
19-12-2024,425.3514404
20-12-2024,423.6192322
23-12-2024,432.3714905
24-12-2024,436.2006226
26-12-2024,434.8330688
27-12-2024,436.3373718
30-12-2024,434.8786926
31-12-2024,440.9414368
01-01-2025,441.2149353
02-01-2025,445.8645935
03-01-2025,439.0724792
06-01-2025,419.1042786
07-01-2025,417.6367493
08-01-2025,425.6372986
09-01-2025,426.1580505
10-01-2025,421.2346191
13-01-2025,415.6958008
14-01-2025,413.3761292
15-01-2025,414.0862732
16-01-2025,409.8256226
17-01-2025,416.7846375
20-01-2025,414.4176025
21-01-2025,414.2756042
22-01-2025,413.7548523
23-01-2025,416.7846375
24-01-2025,418.1101685
27-01-2025,416.6899719
28-01-2025,412.287323
29-01-2025,410.2989807
30-01-2025,412.997406
31-01-2025,423.6963196
01-02-2025,437.9457397
03-02-2025,430.1819763
04-02-2025,430.9393921
05-02-2025,424.3117676
06-02-2025,417.6367493
07-02-2025,407.9319763
10-02-2025,404.4761353
11-02-2025,396.0495605
12-02-2025,394.222229
13-02-2025,394.0299072
14-02-2025,394.5588379
17-02-2025,392.9719849
18-02-2025,389.7500916
19-02-2025,390.8561096
20-02-2025,386.6724854
21-02-2025,385.5664368
24-02-2025,386.5282288
25-02-2025,389.365387
27-02-2025,386.2396851
28-02-2025,379.8921204
03-03-2025,382.2484436
04-03-2025,379.7478638
05-03-2025,389.5577087
06-03-2025,390.1828918
07-03-2025,388.4517212
10-03-2025,389.5096436
11-03-2025,390.6637573
12-03-2025,396.6266174
13-03-2025,396.289978
17-03-2025,392.3468323
18-03-2025,393.4528198
19-03-2025,387.6342163
20-03-2025,388.4998169
21-03-2025,390.0386047
24-03-2025,395.1839905
25-03-2025,394.1260376
26-03-2025,391.7697754
27-03-2025,393.7894592
28-03-2025,394.0779724
01-04-2025,391.0965576
02-04-2025,393.4047241
03-04-2025,393.741333
04-04-2025,394.0299072
07-04-2025,390.5194702
08-04-2025,396.770874
09-04-2025,400.3774414
11-04-2025,405.4266052
15-04-2025,404.3206177
16-04-2025,408.2157288
17-04-2025,410.9086304
21-04-2025,406.6769409
22-04-2025,417.0157776
23-04-2025,414.3709412
24-04-2025,413.6015015
25-04-2025,411.4375916
28-04-2025,412.3993225
29-04-2025,409.7064209
30-04-2025,409.5140686
02-05-2025,413.0725708
05-05-2025,420.2376404
06-05-2025,418.8911743
07-05-2025,414.6594543
08-05-2025,414.1304932
09-05-2025,407.3501587
12-05-2025,418.8431091
13-05-2025,411.5337524
14-05-2025,412.6878967
15-05-2025,416.1020813
16-05-2025,419.0354614
19-05-2025,418.698822
20-05-2025,418.2660217
21-05-2025,416.4387207
22-05-2025,409.8026123
23-05-2025,419.6124878
26-05-2025,425.9600525
27-05-2025,417.3042908
28-05-2025,411.5744019
29-05-2025,410.1541443
30-05-2025,409.4685059
02-06-2025,410.6928406
03-06-2025,408.3911133
04-06-2025,408.4400635
05-06-2025,410.4969482
06-06-2025,412.4069214
09-06-2025,414.3658752
10-06-2025,418.2348022
11-06-2025,417.4022217
12-06-2025,412.3579407
13-06-2025,405.4036865
16-06-2025,409.615448
17-06-2025,408.8318481
18-06-2025,407.3626404
19-06-2025,407.4606018
20-06-2025,409.9582214
23-06-2025,405.4036865
24-06-2025,405.8444824
25-06-2025,407.8034058
26-06-2025,411.6723022
27-06-2025,410.0561829
30-06-2025,407.9013672
01-07-2025,406.579071
02-07-2025,404.4732056
03-07-2025,404.8649902
04-07-2025,404.0813904
07-07-2025,407.6075134
08-07-2025,408.6359863
09-07-2025,410.8397827
10-07-2025,408.2931519
11-07-2025,408.2441711
14-07-2025,410.790802
15-07-2025,413.4353943
16-07-2025,415.8840637
17-07-2025,415.247406
18-07-2025,414.0720215
21-07-2025,411.4764404
22-07-2025,407.4606018
23-07-2025,406.4321594
24-07-2025,401.53479
25-07-2025,400.9960632
28-07-2025,401.4858093
29-07-2025,400.0655823
30-07-2025,399.2330322
31-07-2025,403.4937439
01-08-2025,407.9013672
04-08-2025,408.2931519
05-08-2025,405.6485596
06-08-2025,403.5426941
07-08-2025,405.1098633
08-08-2025,405.991394
11-08-2025,408.2931519
12-08-2025,407.8034058
13-08-2025,405.5996094
14-08-2025,403.0039978
18-08-2025,397.9596863
19-08-2025,400.70224
20-08-2025,397.7148132
21-08-2025,397.2250977
22-08-2025,390.1239014
25-08-2025,391.1523743
26-08-2025,395.070282
28-08-2025,392.6705627
29-08-2025,401.3388977
01-09-2025,397.5189514
02-09-2025,398.4004822
03-09-2025,403.297821
04-09-2025,407.3626404
05-09-2025,398.9881592
08-09-2025,399.1840515
09-09-2025,401.6327209
10-09-2025,404.5711365
11-09-2025,406.5300903
12-09-2025,405.2567749
15-09-2025,404.1793518
16-09-2025,404.6201172
17-09-2025,400.8981018
18-09-2025,403.1019287
19-09-2025,402.2203979
22-09-2025,398.5963745
23-09-2025,394.9233704
24-09-2025,392.7684937
25-09-2025,391.8869934
26-09-2025,396.7843323
29-09-2025,398.8901978
30-09-2025,393.3071899
01-10-2025,397.2740784
03-10-2025,396.0007629
06-10-2025,392.5236206
07-10-2025,391.5931396
08-10-2025,391.5441589
09-10-2025,391.6910706
10-10-2025,394.5315552
13-10-2025,391.0544128
14-10-2025,388.6546936
15-10-2025,391.6910706
16-10-2025,396.833313
17-10-2025,403.6896057
20-10-2025,404.5711365
21-10-2025,404.3752747
23-10-2025,407.4116211
24-10-2025,408.2441711
27-10-2025,412.0151367
28-10-2025,409.3215942
29-10-2025,412.9456482
30-10-2025,410.1541443
31-10-2025,411.7213135
03-11-2025,405.4526978
04-11-2025,400.5063171
06-11-2025,399.1350708
07-11-2025,395.7558899
10-11-2025,397.2250977
11-11-2025,398.4984131
12-11-2025,398.6453247
13-11-2025,397.3720398
14-11-2025,399.7717285
17-11-2025,398.7432861
18-11-2025,397.5189514
19-11-2025,395.2661438
20-11-2025,397.1271667
21-11-2025,399.4779053
24-11-2025,395.2661438
25-11-2025,392.5726013
26-11-2025,394.0418091
27-11-2025,396.0007629
28-11-2025,395.9517822
01-12-2025,395.9517822
02-12-2025,392.7195435
03-12-2025,392.2787781
04-12-2025,394.7763977
05-12-2025,396.6374207
08-12-2025,394.0418091
09-12-2025,392.8174744
10-12-2025,394.8743591
11-12-2025,394.6294861
12-12-2025,391.8869934
15-12-2025,394.0418091
16-12-2025,393.4541321
17-12-2025,391.5931396
18-12-2025,392.1808167
19-12-2025,392.8174744
22-12-2025,394.4336243
23-12-2025,398.9881592
24-12-2025,398.2535706
26-12-2025,395.8538513
29-12-2025,394.3356628
30-12-2025,392.376709
31-12-2025,394.7274475
01-01-2026,356.3811035
02-01-2026,342.8643494
05-01-2026,342.5215759
06-01-2026,335.4204102
07-01-2026,334.2450256
08-01-2026,333.9021912
09-01-2026,330.229187
12-01-2026,331.4535217
13-01-2026,327.8294983
14-01-2026,327.8784485
15-01-2026,327.8784485
16-01-2026,322.4423828
19-01-2026,326.36026
20-01-2026,319.6018982
21-01-2026,318.0837097
22-01-2026,318.1816711
23-01-2026,316.7614136
27-01-2026,312.1089172
28-01-2026,314.5576172
29-01-2026,312.059967
30-01-2026,315.5370789
02-02-2026,308.2400208
03-02-2026,310.1499939
04-02-2026,313.8500061
05-02-2026,310.2000122
06-02-2026,325.7999878
09-02-2026,322.7999878
10-02-2026,321.3999939
11-02-2026,318.25
12-02-2026,317.4500122
13-02-2026,313.75
16-02-2026,317.9500122
17-02-2026,325.4500122
18-02-2026,332.4500122
19-02-2026,326
20-02-2026,327
23-02-2026,325.3999939
24-02-2026,323.5
25-02-2026,319.75
26-02-2026,318.2999878
27-02-2026,313.6000061
02-03-2026,314.8999939
04-03-2026,311.9500122
05-03-2026,311.5
06-03-2026,309.7000122
09-03-2026,306
10-03-2026,309.0499878
11-03-2026,309
12-03-2026,304.1000061
13-03-2026,301.4500122
16-03-2026,308.25
17-03-2026,304.8500061
18-03-2026,304.0499878
19-03-2026,298
20-03-2026,299.9500122
23-03-2026,290.4500122
24-03-2026,291.25
25-03-2026,295.7000122
27-03-2026,294.7000122
30-03-2026,287.7000122
01-04-2026,291.7000122
02-04-2026,292.8500061
06-04-2026,294.8500061
07-04-2026,298.4500122
08-04-2026,302.4500122
09-04-2026,303
10-04-2026,304.25
13-04-2026,298.6499939
15-04-2026,302.0499878
16-04-2026,303.3999939
17-04-2026,306.7999878
20-04-2026,305
21-04-2026,309.6499939
22-04-2026,305.5
23-04-2026,305.2999878
24-04-2026,301.6000061
27-04-2026,303.8500061
28-04-2026,304.4500122
29-04-2026,316.25
